bin_start_u,pixels,baked_vs_full,dynamic_vs_full,live_vs_full
0,987111,8.06642,10.9413,18.8166
2048,95891,8.67175,11.4974,20.4786
4096,19343,6.6509,9.79471,14.7639
6144,9913,3.77847,6.50187,6.56932
8192,4798,2.27949,4.81402,4.81402
10240,1827,2.19139,3.01003,3.75406
12288,349,1.56065,3.48902,3.60936
16384,73,3.82648,4.99543,4.99543
22528,20,3.83333,4.25,4.25
26624,416,5.11939,23.2965,7.59936
28672,5,2.26667,6.4,6.4
30720,583,3.84277,9.51915,17.2561
32768,1443,3.37561,10.6764,12.2479
34816,1136,3.14935,13.4818,15.6112
36864,385,2.42511,6.97662,10.4433
38912,111,4.57658,10.8258,24.3393
40960,17,8.86275,11.549,36.1765
