x,y,lum,meanSat,lumStd,msnRelief,texturedCells
-96,-96,64.92,0.2019,3.56,5.03,0
-96,-92,66.81,0.1896,2.77,4.31,0
-96,-88,64.24,0.1798,2.61,4.16,0
-96,-84,68.29,0.1752,3.68,4.65,0
-96,-80,66.56,0.1775,4.16,4.68,0
-96,-76,63.07,0.1675,2.13,4.31,0
-96,-72,65.72,0.1802,2.69,4.27,0
-96,-68,64.64,0.1723,2.64,4.28,0
-96,-64,65.98,0.1905,2.83,4.21,0
-96,-60,64.40,0.1716,3.08,4.73,0
-96,-56,66.51,0.1677,3.55,4.53,0
-96,-52,66.64,0.1902,4.13,4.10,0
-96,-48,67.36,0.2000,3.08,4.59,0
-96,-44,66.86,0.1925,3.63,4.43,0
-96,-40,64.61,0.1665,2.31,4.54,0
-96,-36,66.98,0.1850,2.74,4.75,0
-96,-32,67.52,0.1704,3.92,4.54,0
-96,-28,68.96,0.1652,4.04,4.74,0
-96,-24,63.27,0.1890,3.21,4.03,0
-96,-20,66.36,0.1924,3.64,4.51,0
-96,-16,67.43,0.1909,2.93,4.14,0
-96,-12,65.32,0.1805,2.95,4.23,0
-96,-8,67.66,0.1747,4.15,4.23,0
-96,-4,66.34,0.1869,2.69,4.54,0
-96,0,65.97,0.1669,3.45,4.79,0
-96,4,68.51,0.1823,2.66,4.53,0
-96,8,63.94,0.1662,3.43,4.63,0
-96,12,65.42,0.1934,3.66,4.52,0
-96,16,64.92,0.1828,2.62,4.23,0
-96,20,65.08,0.1905,3.40,4.57,0
-96,24,65.89,0.1870,3.75,4.12,0
-96,28,65.05,0.1975,3.99,3.91,0
-96,32,65.51,0.1813,2.92,4.06,0
-96,36,66.69,0.1913,3.14,4.35,0
-96,40,66.22,0.1858,3.55,4.39,0
-96,44,64.99,0.1867,3.73,4.11,0
-96,48,66.22,0.1792,2.68,4.43,0
-96,52,65.92,0.1763,4.05,4.47,0
-96,56,66.99,0.1829,3.38,4.09,0
-96,60,67.45,0.1915,3.26,4.57,0
-96,64,65.67,0.1875,3.45,4.62,0
-96,68,63.92,0.1751,2.31,4.13,0
-96,72,67.12,0.1817,2.82,4.16,0
-96,76,65.91,0.1939,3.82,4.15,0
-96,80,64.98,0.1990,3.23,4.42,0
-96,84,65.09,0.1857,3.01,4.25,0
-96,88,67.55,0.1904,2.55,4.16,0
-96,92,65.22,0.1865,3.19,5.24,0
-92,-96,65.81,0.1815,2.99,3.68,0
-92,-92,65.21,0.1795,2.68,2.87,0
-92,-88,65.78,0.1831,2.38,3.25,0
-92,-84,68.83,0.1762,4.28,3.03,0
-92,-80,68.93,0.1877,2.92,3.31,0
-92,-76,66.52,0.1783,3.57,3.61,0
-92,-72,64.17,0.1662,2.49,3.42,0
-92,-68,63.65,0.1609,2.88,3.61,0
-92,-64,64.12,0.1756,2.40,2.84,0
-92,-60,64.49,0.1901,2.83,3.50,0
-92,-56,64.61,0.1752,3.04,3.08,0
-92,-52,66.46,0.1689,3.79,3.13,0
-92,-48,68.74,0.1732,3.63,3.66,0
-92,-44,70.02,0.1717,2.87,3.19,0
-92,-40,66.20,0.1872,3.27,3.66,0
-92,-36,66.21,0.1853,2.77,3.31,0
-92,-32,67.34,0.1796,3.36,3.50,0
-92,-28,69.37,0.1821,4.03,3.61,0
-92,-24,65.39,0.1854,3.44,3.20,0
-92,-20,68.44,0.1803,3.19,2.99,0
-92,-16,67.92,0.1679,3.41,3.38,0
-92,-12,67.34,0.1727,3.49,3.25,0
-92,-8,69.71,0.1814,3.78,2.98,0
-92,-4,68.47,0.1862,3.17,3.64,0
-92,0,66.49,0.1825,3.08,3.35,0
-92,4,69.13,0.1901,2.57,3.08,0
-92,8,65.05,0.1824,3.81,3.40,0
-92,12,67.57,0.1878,3.22,3.22,0
-92,16,65.92,0.1677,3.66,3.11,0
-92,20,64.97,0.1639,3.05,3.03,0
-92,24,68.59,0.1808,3.29,2.96,0
-92,28,67.84,0.1947,2.77,3.24,0
-92,32,67.56,0.1871,3.08,3.53,0
-92,36,63.77,0.1731,2.55,3.18,0
-92,40,68.44,0.1747,3.27,3.23,0
-92,44,67.53,0.1890,3.31,2.60,0
-92,48,68.18,0.1849,2.50,3.03,0
-92,52,66.88,0.1868,2.57,3.58,0
-92,56,68.42,0.1780,3.21,3.13,0
-92,60,70.15,0.1751,3.64,2.99,0
-92,64,65.84,0.1859,2.56,2.97,0
-92,68,66.72,0.1792,3.14,3.38,0
-92,72,65.65,0.1831,2.23,3.23,0
-92,76,66.49,0.1847,2.66,2.89,0
-92,80,69.05,0.1888,2.50,3.14,0
-92,84,70.50,0.1758,3.36,2.93,0
-92,88,64.16,0.1715,3.33,2.66,0
-92,92,64.67,0.1797,3.32,4.17,0
-88,-96,66.80,0.1920,2.23,3.70,0
-88,-92,64.15,0.1590,1.98,2.76,0
-88,-88,68.97,0.1751,3.37,3.02,0
-88,-84,69.92,0.1799,3.05,3.30,0
-88,-80,66.61,0.1877,2.94,3.02,0
-88,-76,67.23,0.1873,3.26,3.19,0
-88,-72,67.13,0.1781,3.08,2.63,0
-88,-68,69.88,0.1628,2.62,2.81,0
-88,-64,65.81,0.1869,2.75,3.23,0
-88,-60,65.45,0.1787,3.45,3.39,0
-88,-56,65.80,0.1882,2.43,3.40,0
-88,-52,66.69,0.1794,2.87,3.11,0
-88,-48,68.48,0.1813,3.52,3.07,0
-88,-44,71.35,0.1661,2.80,3.54,0
-88,-40,71.32,0.1712,2.59,3.24,0
-88,-36,68.42,0.1821,3.26,3.03,0
-88,-32,69.35,0.1734,3.23,2.79,0
-88,-28,67.24,0.1790,4.07,3.49,0
-88,-24,63.51,0.1628,2.61,3.29,0
-88,-20,64.93,0.1650,3.34,2.92,0
-88,-16,67.10,0.1665,3.40,2.83,0
-88,-12,68.31,0.1723,3.25,3.23,0
-88,-8,66.32,0.1921,1.76,3.49,0
-88,-4,70.48,0.1698,2.93,3.41,0
-88,0,64.79,0.1697,2.69,2.96,0
-88,4,66.88,0.1849,3.29,3.18,0
-88,8,63.09,0.1766,2.44,3.09,0
-88,12,65.22,0.1716,3.56,3.08,0
-88,16,66.80,0.1888,3.07,3.25,0
-88,20,64.08,0.1760,2.96,3.28,0
-88,24,64.08,0.1660,2.48,3.28,0
-88,28,63.54,0.1863,2.92,2.90,0
-88,32,66.58,0.1917,2.44,3.24,0
-88,36,66.64,0.1794,3.74,3.23,0
-88,40,69.56,0.1747,3.01,2.98,0
-88,44,65.29,0.1705,2.89,2.85,0
-88,48,69.14,0.1808,3.23,3.66,0
-88,52,70.28,0.1673,3.06,3.51,0
-88,56,68.79,0.1763,3.27,3.06,0
-88,60,64.10,0.1672,1.89,3.28,0
-88,64,63.90,0.1679,2.12,3.70,0
-88,68,66.81,0.1782,3.16,2.90,0
-88,72,64.64,0.1745,2.20,3.47,0
-88,76,71.06,0.1759,2.97,3.07,0
-88,80,67.29,0.1804,3.71,4.07,0
-88,84,68.62,0.1757,3.50,3.16,0
-88,88,66.67,0.1819,3.99,2.86,0
-88,92,66.68,0.1783,2.93,4.14,0
-84,-96,65.80,0.1934,2.51,3.88,0
-84,-92,67.12,0.1684,3.28,3.27,0
-84,-88,68.89,0.1721,2.88,2.91,0
-84,-84,65.82,0.1926,3.52,2.81,0
-84,-80,67.72,0.1886,2.85,3.52,0
-84,-76,67.99,0.1841,3.24,3.16,0
-84,-72,66.80,0.1893,2.16,3.21,0
-84,-68,66.51,0.1964,2.00,3.08,0
-84,-64,70.14,0.1733,2.96,3.35,0
-84,-60,68.64,0.1795,3.67,3.15,0
-84,-56,65.69,0.1830,2.53,3.38,0
-84,-52,68.10,0.1844,3.33,3.03,0
-84,-48,69.63,0.1765,3.92,3.11,0
-84,-44,66.83,0.1757,3.50,3.56,0
-84,-40,66.21,0.1699,3.44,3.02,0
-84,-36,65.41,0.1735,3.23,3.11,0
-84,-32,64.25,0.1806,3.14,2.82,0
-84,-28,65.08,0.1778,3.17,2.70,0
-84,-24,68.92,0.1853,3.05,3.22,0
-84,-20,68.75,0.1869,2.73,3.04,0
-84,-16,67.68,0.1709,3.40,3.00,0
-84,-12,71.00,0.1569,2.19,3.44,0
-84,-8,67.27,0.1707,3.54,3.33,0
-84,-4,66.41,0.1820,2.89,3.88,0
-84,0,67.58,0.1803,3.42,3.05,0
-84,4,70.19,0.1679,2.70,3.04,0
-84,8,67.32,0.1841,3.72,3.00,0
-84,12,66.73,0.1807,3.76,3.26,0
-84,16,65.28,0.1771,3.08,3.24,0
-84,20,68.64,0.1713,2.93,3.04,0
-84,24,66.20,0.1851,2.56,3.27,0
-84,28,66.21,0.1820,3.09,2.98,0
-84,32,67.27,0.1761,2.90,3.16,0
-84,36,65.91,0.1871,2.31,3.06,0
-84,40,63.94,0.1700,2.55,3.32,0
-84,44,67.29,0.1843,2.98,3.51,0
-84,48,65.17,0.1727,3.19,2.62,0
-84,52,65.93,0.1825,4.34,3.16,0
-84,56,66.92,0.1803,2.86,3.26,0
-84,60,67.75,0.1747,3.18,3.12,0
-84,64,68.83,0.1874,3.27,3.06,0
-84,68,70.98,0.1648,3.13,3.22,0
-84,72,66.24,0.1708,3.83,3.57,0
-84,76,66.67,0.1799,3.23,3.55,0
-84,80,66.49,0.1878,2.88,3.29,0
-84,84,67.49,0.1795,3.41,3.36,0
-84,88,66.17,0.1840,2.58,3.22,0
-84,92,65.59,0.1841,3.18,3.87,0
-80,-96,66.04,0.1842,2.88,3.57,0
-80,-92,67.52,0.1857,2.91,3.33,0
-80,-88,67.24,0.1771,3.26,3.20,0
-80,-84,65.30,0.1759,2.97,3.24,0
-80,-80,67.88,0.1778,3.95,6.15,0
-80,-76,73.79,0.1634,10.81,28.82,0
-80,-72,72.12,0.1747,13.76,27.03,0
-80,-68,74.63,0.1627,12.98,23.67,0
-80,-64,73.97,0.1631,13.68,23.54,0
-80,-60,75.40,0.1530,13.48,23.32,0
-80,-56,71.96,0.1631,14.17,21.42,0
-80,-52,73.77,0.1567,14.72,22.23,0
-80,-48,73.79,0.1682,14.29,24.36,0
-80,-44,75.19,0.1515,14.62,22.33,0
-80,-40,71.74,0.1576,16.21,21.71,0
-80,-36,72.90,0.1467,16.39,20.92,0
-80,-32,72.13,0.1467,17.26,20.37,0
-80,-28,72.64,0.1571,16.19,19.42,0
-80,-24,74.94,0.1689,16.31,18.67,0
-80,-20,74.55,0.1628,15.45,19.11,0
-80,-16,73.93,0.1616,15.89,19.61,0
-80,-12,74.97,0.1593,15.52,19.49,0
-80,-8,72.28,0.1593,16.40,19.22,0
-80,-4,74.52,0.1599,16.72,18.98,0
-80,0,74.29,0.1647,15.73,19.73,0
-80,4,72.73,0.1533,16.85,20.02,0
-80,8,77.82,0.1552,15.35,20.24,0
-80,12,73.63,0.1601,16.80,19.23,0
-80,16,72.95,0.1578,16.28,19.38,0
-80,20,73.56,0.1695,16.27,18.43,0
-80,24,76.10,0.1614,15.74,19.59,0
-80,28,72.36,0.1551,16.35,17.93,0
-80,32,73.46,0.1612,15.84,17.84,0
-80,36,71.92,0.1653,16.37,19.73,0
-80,40,75.36,0.1547,15.92,18.18,0
-80,44,74.77,0.1679,16.79,18.87,0
-80,48,73.58,0.1630,16.22,17.97,0
-80,52,76.50,0.1539,15.12,19.54,0
-80,56,73.86,0.1611,16.29,19.63,0
-80,60,75.29,0.1581,16.66,19.69,0
-80,64,73.27,0.1581,17.79,19.49,0
-80,68,75.56,0.1652,15.73,17.70,0
-80,72,76.03,0.1439,16.00,20.45,0
-80,76,70.01,0.1689,6.53,11.98,0
-80,80,68.54,0.1822,3.41,3.00,0
-80,84,65.33,0.1802,3.02,3.11,0
-80,88,68.52,0.1754,3.76,3.44,0
-80,92,66.07,0.1795,3.48,4.22,0
-76,-96,65.00,0.1960,3.34,3.38,0
-76,-92,64.78,0.1859,3.10,2.96,0
-76,-88,67.40,0.1873,3.19,2.48,0
-76,-84,65.08,0.1745,2.52,3.20,0
-76,-80,67.98,0.1679,8.49,22.11,0
-76,-76,89.59,0.1620,11.07,52.04,0
-76,-72,95.15,0.1616,9.94,65.00,0
-76,-68,90.50,0.1695,13.04,62.11,0
-76,-64,89.85,0.1650,13.30,56.50,0
-76,-60,86.71,0.1634,15.31,58.37,0
-76,-56,95.51,0.1656,10.44,63.08,0
-76,-52,89.46,0.1555,14.88,50.39,0
-76,-48,95.79,0.1235,13.26,63.63,0
-76,-44,100.09,0.1202,9.83,46.46,0
-76,-40,94.72,0.1213,16.03,52.22,0
-76,-36,100.14,0.1211,12.51,64.78,0
-76,-32,98.39,0.1368,13.97,59.06,0
-76,-28,93.29,0.1463,16.68,49.61,0
-76,-24,99.25,0.1383,13.40,48.73,0
-76,-20,98.12,0.1308,13.53,48.59,0
-76,-16,102.92,0.0906,12.69,57.03,0
-76,-12,104.92,0.0861,8.33,52.54,0
-76,-8,106.23,0.0906,9.02,56.29,0
-76,-4,101.54,0.1160,12.51,51.16,0
-76,0,103.33,0.0960,12.35,59.86,0
-76,4,105.15,0.0955,10.02,55.17,0
-76,8,106.71,0.0724,7.41,74.38,0
-76,12,101.48,0.1184,13.93,55.94,0
-76,16,100.81,0.1105,14.04,54.28,0
-76,20,97.72,0.1276,15.26,46.84,0
-76,24,98.71,0.1213,14.95,60.26,0
-76,28,94.51,0.1524,15.04,56.62,0
-76,32,97.11,0.1378,14.29,50.34,0
-76,36,106.32,0.0743,8.92,82.46,0
-76,40,101.21,0.1152,12.65,56.95,0
-76,44,106.92,0.0879,11.14,71.45,0
-76,48,102.21,0.1065,12.11,55.49,0
-76,52,104.44,0.0871,11.56,77.37,0
-76,56,104.62,0.0873,8.01,74.58,0
-76,60,102.39,0.0971,10.41,63.86,0
-76,64,100.45,0.1000,12.52,49.43,0
-76,68,99.14,0.1236,14.48,57.56,0
-76,72,107.87,0.0786,10.33,80.02,0
-76,76,76.88,0.1456,18.89,44.98,0
-76,80,66.26,0.1822,3.05,2.84,0
-76,84,69.13,0.1860,2.14,2.77,0
-76,88,66.44,0.1705,3.53,3.30,0
-76,92,66.79,0.1897,3.16,4.21,0
-72,-96,63.84,0.1696,2.74,3.89,0
-72,-92,65.33,0.1824,3.49,3.15,0
-72,-88,65.85,0.1785,3.61,3.17,0
-72,-84,68.61,0.1745,3.26,3.23,0
-72,-80,70.92,0.1783,9.59,23.21,0
-72,-76,85.86,0.1993,6.22,30.92,0
-72,-72,84.60,0.2084,8.09,35.91,0
-72,-68,85.71,0.2179,7.11,31.60,0
-72,-64,86.73,0.2129,8.16,31.98,0
-72,-60,80.12,0.2121,8.43,36.77,0
-72,-56,76.62,0.2097,9.58,33.22,0
-72,-52,86.72,0.2073,9.97,49.27,0
-72,-48,80.87,0.2098,10.54,53.92,0
-72,-44,88.17,0.2074,9.20,52.44,0
-72,-40,77.24,0.2167,9.02,44.55,0
-72,-36,75.84,0.2237,6.78,35.25,0
-72,-32,79.18,0.2167,8.90,42.13,0
-72,-28,81.89,0.2164,8.40,45.14,0
-72,-24,76.52,0.2315,7.49,43.23,0
-72,-20,79.27,0.2113,9.69,51.29,0
-72,-16,87.35,0.2212,9.02,47.89,0
-72,-12,86.67,0.2143,8.49,42.04,0
-72,-8,96.07,0.2039,7.34,44.17,0
-72,-4,83.14,0.2278,10.72,41.91,0
-72,0,89.36,0.2060,9.33,62.81,0
-72,4,89.53,0.2133,9.01,52.59,0
-72,8,82.22,0.2016,14.21,61.56,0
-72,12,88.23,0.1859,13.08,57.25,0
-72,16,87.08,0.2252,8.94,45.16,0
-72,20,85.63,0.2309,9.75,51.29,0
-72,24,84.51,0.2080,9.01,48.16,0
-72,28,84.19,0.2022,9.28,46.73,0
-72,32,74.67,0.2429,8.24,39.41,0
-72,36,88.60,0.2014,12.00,55.85,0
-72,40,89.36,0.2422,11.06,51.96,0
-72,44,94.96,0.2270,10.88,55.35,0
-72,48,87.23,0.2544,8.79,50.53,0
-72,52,93.31,0.1739,13.17,60.41,0
-72,56,98.54,0.1547,11.68,59.59,0
-72,60,97.93,0.1628,10.88,47.83,0
-72,64,95.84,0.1400,12.85,54.89,0
-72,68,79.95,0.2327,11.89,41.56,0
-72,72,98.21,0.1587,15.65,75.91,0
-72,76,79.72,0.1476,17.90,44.40,0
-72,80,65.45,0.1742,2.70,3.29,0
-72,84,68.08,0.1914,3.20,2.94,0
-72,88,63.47,0.1599,1.86,3.26,0
-72,92,64.42,0.1671,2.56,4.38,0
-68,-96,64.74,0.1923,3.41,3.67,0
-68,-92,67.93,0.1891,2.84,3.64,0
-68,-88,64.33,0.1701,2.62,2.85,0
-68,-84,67.71,0.1845,3.44,3.13,0
-68,-80,72.90,0.1628,13.73,25.06,0
-68,-76,98.76,0.1224,9.65,52.83,0
-68,-72,80.79,0.2101,9.88,38.19,0
-68,-68,79.05,0.2227,8.37,27.83,0
-68,-64,76.68,0.2107,6.97,22.26,0
-68,-60,82.29,0.2025,9.00,20.80,0
-68,-56,83.25,0.2096,9.57,22.79,0
-68,-52,77.19,0.2001,9.73,32.30,0
-68,-48,86.21,0.2044,9.83,47.88,0
-68,-44,85.34,0.1975,9.58,43.47,0
-68,-40,86.48,0.1901,11.42,50.35,0
-68,-36,78.85,0.2096,8.76,39.97,0
-68,-32,84.78,0.1953,10.53,49.68,0
-68,-28,92.55,0.2111,6.89,47.63,0
-68,-24,85.90,0.1987,11.66,53.64,0
-68,-20,93.50,0.1772,11.15,58.94,0
-68,-16,86.82,0.1958,12.50,55.15,0
-68,-12,91.91,0.1860,15.16,55.05,0
-68,-8,89.08,0.2085,11.27,54.38,0
-68,-4,89.36,0.1968,10.34,46.75,0
-68,0,84.31,0.1775,15.18,42.04,0
-68,4,84.00,0.2018,10.88,59.24,0
-68,8,82.04,0.2123,11.44,60.19,0
-68,12,92.78,0.1935,12.65,62.90,0
-68,16,98.25,0.1672,12.02,52.30,0
-68,20,92.93,0.1737,12.33,45.97,0
-68,24,85.38,0.1936,11.42,53.16,0
-68,28,81.94,0.2102,8.75,53.25,0
-68,32,87.94,0.2076,11.28,60.37,0
-68,36,79.89,0.2303,9.59,51.60,0
-68,40,89.05,0.2136,16.61,51.19,0
-68,44,92.21,0.2142,11.12,46.33,0
-68,48,94.30,0.2023,11.69,55.59,0
-68,52,84.62,0.2288,10.00,67.62,0
-68,56,98.06,0.1871,10.50,65.88,0
-68,60,101.99,0.1495,12.02,36.81,0
-68,64,93.27,0.1693,11.80,55.85,0
-68,68,88.15,0.2048,12.35,41.86,0
-68,72,102.24,0.1748,11.37,74.33,0
-68,76,77.45,0.1483,19.38,45.31,0
-68,80,67.34,0.1782,3.20,3.02,0
-68,84,69.91,0.1798,3.58,3.73,0
-68,88,65.65,0.1706,3.67,3.15,0
-68,92,63.90,0.1667,2.91,4.07,0
-64,-96,64.64,0.1847,3.83,3.90,0
-64,-92,66.49,0.1865,3.18,3.31,0
-64,-88,65.36,0.1794,2.75,3.47,0
-64,-84,66.70,0.1814,2.98,3.20,0
-64,-80,71.88,0.1493,14.83,23.02,0
-64,-76,94.12,0.1550,13.43,59.41,0
-64,-72,82.79,0.2080,10.96,54.25,0
-64,-68,85.92,0.1923,11.46,44.42,0
-64,-64,87.59,0.1953,9.84,41.89,0
-64,-60,84.77,0.2007,9.68,49.16,0
-64,-56,81.84,0.2064,9.45,43.85,0
-64,-52,82.66,0.2114,9.32,48.83,0
-64,-48,79.71,0.2167,9.28,43.02,0
-64,-44,73.50,0.2147,8.66,31.80,0
-64,-40,87.16,0.2062,10.84,41.41,0
-64,-36,82.59,0.2046,8.52,34.45,0
-64,-32,87.58,0.1998,9.30,49.64,0
-64,-28,77.39,0.1984,10.65,40.63,0
-64,-24,84.66,0.1956,9.19,39.91,0
-64,-20,90.48,0.1775,8.98,37.92,0
-64,-16,87.49,0.1836,11.88,31.73,0
-64,-12,84.76,0.1883,11.72,50.42,0
-64,-8,92.32,0.1831,12.35,41.72,0
-64,-4,88.58,0.1984,10.83,45.17,0
-64,0,79.18,0.2024,9.33,39.56,0
-64,4,80.74,0.2060,11.69,45.35,0
-64,8,84.75,0.1909,13.78,42.40,0
-64,12,91.25,0.1694,14.03,53.48,0
-64,16,91.49,0.1789,13.59,59.80,0
-64,20,85.49,0.1946,11.67,51.59,0
-64,24,86.31,0.1955,11.04,54.11,0
-64,28,88.93,0.1978,10.77,50.70,0
-64,32,92.74,0.1833,12.06,50.24,0
-64,36,83.12,0.2244,10.78,55.31,0
-64,40,83.98,0.2196,14.34,60.41,0
-64,44,85.08,0.2396,9.51,42.88,0
-64,48,83.55,0.2086,11.04,56.45,0
-64,52,80.50,0.2054,11.76,47.45,0
-64,56,97.80,0.1830,9.79,45.52,0
-64,60,93.44,0.1885,12.72,46.06,0
-64,64,84.09,0.2142,13.18,54.51,0
-64,68,96.97,0.2094,9.00,51.49,0
-64,72,100.84,0.1829,12.01,65.75,0
-64,76,77.33,0.1569,17.88,45.68,0
-64,80,68.20,0.1769,3.14,3.34,0
-64,84,62.74,0.1823,2.46,3.14,0
-64,88,66.99,0.1797,3.16,3.34,0
-64,92,64.76,0.1841,2.88,4.34,0
-60,-96,67.65,0.1875,3.00,3.33,0
-60,-92,64.10,0.1835,3.51,3.12,0
-60,-88,67.79,0.1876,3.00,3.25,0
-60,-84,63.16,0.1694,3.14,3.32,0
-60,-80,72.59,0.1487,14.31,23.98,0
-60,-76,99.81,0.1347,9.78,56.29,0
-60,-72,89.52,0.1925,10.16,54.90,0
-60,-68,85.92,0.1905,11.75,57.61,0
-60,-64,82.32,0.1999,9.93,58.79,0
-60,-60,90.77,0.1875,9.82,51.72,0
-60,-56,82.18,0.2069,10.20,45.33,0
-60,-52,77.53,0.2095,9.09,35.45,0
-60,-48,82.69,0.1969,12.66,35.25,0
-60,-44,90.60,0.1729,13.84,44.52,0
-60,-40,84.11,0.2121,11.56,49.33,0
-60,-36,91.43,0.1928,10.87,44.15,0
-60,-32,90.34,0.1918,10.83,55.04,0
-60,-28,70.84,0.2231,7.92,35.35,0
-60,-24,81.49,0.2099,9.65,31.34,0
-60,-20,84.09,0.2109,8.70,27.36,0
-60,-16,82.15,0.2057,11.44,31.90,0
-60,-12,84.07,0.1925,11.04,45.23,0
-60,-8,79.80,0.2168,9.54,43.38,0
-60,-4,90.29,0.1924,10.50,54.65,0
-60,0,78.97,0.2096,9.43,39.67,0
-60,4,77.75,0.2122,8.02,34.13,0
-60,8,85.05,0.1761,15.44,39.89,0
-60,12,89.71,0.1810,12.15,66.93,0
-60,16,87.21,0.2024,11.10,62.21,0
-60,20,91.33,0.1688,12.10,45.07,0
-60,24,92.33,0.1773,11.53,42.71,0
-60,28,85.63,0.1875,13.46,41.39,0
-60,32,96.28,0.1786,11.33,47.47,0
-60,36,94.76,0.1876,10.77,51.04,0
-60,40,92.77,0.1645,13.33,53.43,0
-60,44,89.35,0.1965,10.97,65.45,0
-60,48,91.89,0.1701,13.68,47.97,0
-60,52,89.15,0.1953,11.93,47.55,0
-60,56,88.85,0.1752,12.42,47.26,0
-60,60,81.81,0.2037,13.51,44.64,0
-60,64,92.53,0.1664,16.47,46.18,0
-60,68,92.51,0.2330,9.10,60.41,0
-60,72,97.05,0.1774,15.85,60.28,0
-60,76,75.89,0.1478,19.84,44.58,0
-60,80,65.28,0.1728,3.02,3.03,0
-60,84,68.64,0.1786,3.73,3.73,0
-60,88,65.50,0.1782,2.83,3.12,0
-60,92,65.90,0.1851,2.56,4.17,0
-56,-96,65.38,0.1858,2.97,4.18,0
-56,-92,65.75,0.1855,2.99,3.39,0
-56,-88,65.14,0.1905,3.31,3.34,0
-56,-84,66.29,0.1811,2.74,3.22,0
-56,-80,73.59,0.1563,14.72,26.11,0
-56,-76,97.53,0.1151,11.26,53.56,0
-56,-72,86.63,0.2024,10.30,44.78,0
-56,-68,79.52,0.2095,8.96,38.96,0
-56,-64,80.29,0.2178,9.66,42.40,0
-56,-60,88.57,0.1996,8.97,56.73,0
-56,-56,87.56,0.2080,8.77,52.10,0
-56,-52,82.78,0.2059,9.69,58.22,0
-56,-48,86.22,0.2003,12.32,44.48,0
-56,-44,90.39,0.1895,11.02,66.48,0
-56,-40,83.95,0.1872,13.25,48.83,0
-56,-36,90.34,0.1776,12.22,50.58,0
-56,-32,92.91,0.1734,11.82,45.98,0
-56,-28,84.58,0.2101,10.56,37.01,0
-56,-24,81.32,0.2013,8.09,40.47,0
-56,-20,83.32,0.1882,11.57,58.24,0
-56,-16,84.53,0.1857,11.99,51.29,0
-56,-12,85.51,0.1748,14.59,46.27,0
-56,-8,85.57,0.1909,11.53,43.43,0
-56,-4,77.24,0.2081,12.00,36.43,0
-56,0,81.99,0.2177,10.61,33.43,0
-56,4,79.73,0.2061,9.10,36.39,0
-56,8,89.97,0.1830,11.08,45.32,0
-56,12,88.67,0.1734,13.14,54.01,0
-56,16,89.62,0.1681,12.91,52.56,0
-56,20,87.69,0.1736,13.21,47.18,0
-56,24,79.76,0.2047,9.53,36.99,0
-56,28,91.59,0.1665,13.22,41.47,0
-56,32,94.47,0.1621,12.49,68.15,0
-56,36,99.05,0.1399,11.41,47.07,0
-56,40,90.37,0.1649,14.79,57.95,0
-56,44,92.66,0.1750,11.84,48.28,0
-56,48,92.39,0.1640,13.92,57.80,0
-56,52,83.75,0.2011,10.13,48.72,0
-56,56,83.69,0.1965,11.82,39.18,0
-56,60,88.06,0.1829,12.23,50.29,0
-56,64,97.09,0.1608,13.34,45.31,0
-56,68,95.08,0.2179,9.18,40.20,0
-56,72,101.18,0.1453,15.06,69.61,0
-56,76,81.89,0.1359,17.65,44.13,0
-56,80,68.57,0.1894,2.45,2.98,0
-56,84,67.98,0.1806,3.52,2.95,0
-56,88,64.23,0.1661,3.28,3.62,0
-56,92,66.42,0.1800,3.67,3.59,0
-52,-96,65.16,0.1722,3.15,3.94,0
-52,-92,69.69,0.1906,2.15,3.24,0
-52,-88,64.55,0.1820,3.17,3.01,0
-52,-84,69.45,0.1866,2.33,2.88,0
-52,-80,71.58,0.1633,14.43,23.63,0
-52,-76,94.87,0.1377,12.56,50.89,0
-52,-72,88.41,0.2052,9.82,40.11,0
-52,-68,81.07,0.2161,10.28,40.69,0
-52,-64,83.43,0.2014,8.46,42.63,0
-52,-60,78.11,0.2058,7.84,38.78,0
-52,-56,89.46,0.2053,9.47,52.41,0
-52,-52,85.68,0.1968,11.80,49.41,0
-52,-48,87.48,0.1852,12.78,46.47,0
-52,-44,98.10,0.1554,11.52,60.42,0
-52,-40,78.52,0.2013,13.68,49.25,0
-52,-36,94.77,0.1455,11.66,54.88,0
-52,-32,93.87,0.1684,10.80,46.46,0
-52,-28,84.99,0.2058,11.15,42.52,0
-52,-24,76.72,0.2129,9.23,32.63,0
-52,-20,77.75,0.2082,8.17,28.86,0
-52,-16,78.24,0.2105,9.37,32.94,0
-52,-12,71.32,0.2242,10.41,39.06,0
-52,-8,90.61,0.1953,9.13,47.01,0
-52,-4,87.51,0.2052,10.72,39.96,0
-52,0,74.16,0.2061,7.63,30.04,0
-52,4,78.25,0.2116,9.20,40.20,0
-52,8,89.63,0.1930,12.23,42.71,0
-52,12,90.56,0.1710,11.60,56.11,0
-52,16,89.38,0.1630,15.51,43.85,0
-52,20,73.66,0.2010,7.93,35.03,0
-52,24,86.36,0.1995,8.98,36.87,0
-52,28,86.96,0.1845,12.28,46.88,0
-52,32,92.26,0.1519,13.15,57.53,0
-52,36,96.12,0.1527,11.72,36.77,0
-52,40,89.01,0.1707,12.46,39.04,0
-52,44,81.59,0.2038,9.43,50.24,0
-52,48,90.93,0.1758,11.94,55.01,0
-52,52,84.27,0.1924,11.04,53.28,0
-52,56,88.22,0.2045,9.94,45.63,0
-52,60,86.21,0.1976,12.50,45.72,0
-52,64,85.25,0.1970,11.67,56.03,0
-52,68,88.83,0.2089,10.03,45.69,0
-52,72,99.35,0.1263,14.01,71.16,0
-52,76,77.91,0.1467,19.21,44.18,0
-52,80,64.96,0.1672,2.95,3.30,0
-52,84,68.29,0.1837,3.24,3.51,0
-52,88,66.08,0.1810,2.97,3.10,0
-52,92,67.29,0.1950,2.83,4.31,0
-48,-96,66.04,0.1795,2.98,3.94,0
-48,-92,65.17,0.1777,3.08,3.00,0
-48,-88,68.84,0.1904,3.17,3.33,0
-48,-84,65.35,0.1776,2.52,3.42,0
-48,-80,71.49,0.1546,15.21,22.43,0
-48,-76,95.10,0.1462,12.24,50.55,0
-48,-72,74.85,0.2150,7.85,42.59,0
-48,-68,89.32,0.2121,8.68,49.74,0
-48,-64,80.98,0.2093,10.66,47.91,0
-48,-60,82.97,0.2196,10.12,45.93,0
-48,-56,80.24,0.2089,9.54,33.61,0
-48,-52,77.65,0.2093,9.98,39.09,0
-48,-48,81.73,0.2101,13.19,37.70,0
-48,-44,94.70,0.1641,11.19,66.53,0
-48,-40,76.28,0.2013,12.59,40.46,0
-48,-36,84.24,0.1841,15.84,38.57,0
-48,-32,90.59,0.1839,12.63,50.76,0
-48,-28,70.93,0.1836,10.71,42.06,0
-48,-24,66.78,0.1845,8.72,46.04,0
-48,-20,69.99,0.1897,8.30,35.95,0
-48,-16,72.95,0.1857,10.47,40.81,0
-48,-12,71.31,0.1784,11.17,49.80,0
-48,-8,87.01,0.1649,11.45,62.22,0
-48,-4,79.67,0.1900,11.55,48.94,0
-48,0,81.12,0.2021,9.77,37.85,0
-48,4,71.29,0.2137,7.60,21.48,0
-48,8,79.48,0.2073,9.09,33.23,0
-48,12,86.04,0.1879,13.69,44.44,0
-48,16,84.00,0.2057,9.95,38.84,0
-48,20,72.51,0.2122,8.16,35.27,0
-48,24,85.83,0.2022,10.52,33.11,0
-48,28,83.41,0.2020,10.75,48.46,0
-48,32,86.67,0.1872,11.18,40.69,0
-48,36,79.05,0.2025,9.68,27.61,0
-48,40,91.67,0.1626,11.88,47.62,0
-48,44,93.07,0.1558,12.30,56.14,0
-48,48,85.24,0.1818,10.79,45.28,0
-48,52,89.55,0.2097,10.29,52.85,0
-48,56,81.90,0.2055,11.45,30.73,0
-48,60,88.56,0.1845,13.19,42.83,0
-48,64,88.25,0.1911,12.34,45.84,0
-48,68,87.86,0.2056,10.76,48.22,0
-48,72,102.23,0.0950,11.52,80.37,0
-48,76,76.81,0.1577,17.45,44.55,0
-48,80,65.13,0.1915,3.26,3.36,0
-48,84,67.88,0.1919,3.60,3.54,0
-48,88,66.28,0.1887,2.53,3.29,0
-48,92,67.12,0.1772,3.46,4.59,0
-44,-96,64.50,0.1709,3.43,4.30,0
-44,-92,63.83,0.1690,2.98,3.14,0
-44,-88,68.75,0.1801,3.12,3.48,0
-44,-84,68.47,0.1715,3.40,3.09,0
-44,-80,74.41,0.1670,13.75,23.10,0
-44,-76,93.23,0.1582,12.89,58.56,0
-44,-72,84.78,0.2118,9.53,46.27,0
-44,-68,83.01,0.2039,9.89,52.50,0
-44,-64,81.90,0.2027,13.04,43.43,0
-44,-60,81.58,0.2055,8.25,57.30,0
-44,-56,81.17,0.2076,10.72,48.29,0
-44,-52,77.59,0.2130,11.27,41.42,0
-44,-48,83.45,0.1978,10.51,55.60,0
-44,-44,90.20,0.1707,11.20,44.61,0
-44,-40,75.72,0.1995,11.45,41.74,0
-44,-36,77.06,0.1998,7.65,32.48,0
-44,-32,70.92,0.1863,9.50,43.93,0
-44,-28,58.87,0.1821,8.25,45.29,0
-44,-24,63.82,0.1620,7.98,49.62,0
-44,-20,61.58,0.1776,7.27,37.35,0
-44,-16,56.91,0.1772,8.09,40.70,0
-44,-12,57.27,0.1774,8.81,32.62,0
-44,-8,66.63,0.1457,12.73,28.67,0
-44,-4,70.09,0.1497,9.90,39.33,0
-44,0,78.25,0.1789,9.68,51.14,0
-44,4,82.26,0.2032,9.60,37.57,0
-44,8,86.14,0.2119,9.71,25.88,0
-44,12,76.28,0.2070,8.33,24.20,0
-44,16,83.99,0.2045,9.95,30.11,0
-44,20,76.98,0.2073,8.33,30.77,0
-44,24,75.25,0.2086,8.05,34.70,0
-44,28,86.06,0.2056,10.52,34.66,0
-44,32,88.80,0.1995,10.38,39.20,0
-44,36,73.84,0.2073,6.66,41.20,0
-44,40,89.14,0.1920,10.84,51.42,0
-44,44,79.19,0.1928,13.26,49.00,0
-44,48,78.71,0.2032,10.24,44.46,0
-44,52,86.12,0.2054,8.43,36.79,0
-44,56,78.55,0.2022,9.18,17.52,0
-44,60,83.59,0.1912,11.34,37.20,0
-44,64,93.24,0.1603,11.82,51.04,0
-44,68,100.16,0.1710,9.95,63.59,0
-44,72,104.85,0.0977,10.01,59.18,0
-44,76,77.09,0.1520,17.26,44.50,0
-44,80,65.32,0.1867,3.31,2.97,0
-44,84,68.20,0.1767,3.62,3.19,0
-44,88,67.83,0.1735,3.34,3.17,0
-44,92,67.69,0.1919,2.83,4.29,0
-40,-96,67.38,0.1780,3.29,4.44,0
-40,-92,65.83,0.1832,3.58,3.44,0
-40,-88,66.54,0.1812,3.05,2.99,0
-40,-84,66.36,0.1749,3.06,3.17,0
-40,-80,72.87,0.1602,13.26,27.58,0
-40,-76,91.88,0.1480,12.84,54.21,0
-40,-72,84.50,0.2077,8.81,47.80,0
-40,-68,82.69,0.2091,9.82,47.97,0
-40,-64,79.21,0.2125,9.15,42.30,0
-40,-60,81.07,0.2050,8.63,32.79,0
-40,-56,82.72,0.2095,9.55,42.40,0
-40,-52,85.86,0.2063,11.26,45.27,0
-40,-48,88.57,0.2053,9.67,40.44,0
-40,-44,84.93,0.1955,12.59,36.53,0
-40,-40,83.06,0.1976,8.31,28.41,0
-40,-36,80.90,0.1710,10.20,38.65,0
-40,-32,72.42,0.1461,9.30,32.44,0
-40,-28,57.45,0.1447,8.20,45.99,0
-40,-24,66.47,0.1460,6.68,57.09,0
-40,-20,61.93,0.1695,6.26,39.62,0
-40,-16,61.67,0.1714,6.15,28.97,0
-40,-12,57.25,0.1755,6.98,27.42,0
-40,-8,53.14,0.1723,6.42,29.58,0
-40,-4,57.75,0.1729,8.32,39.35,0
-40,0,77.22,0.1662,10.78,57.58,0
-40,4,79.99,0.1892,9.98,50.60,0
-40,8,85.02,0.2107,9.64,45.68,0
-40,12,80.50,0.2043,10.28,41.66,0
-40,16,72.56,0.2140,6.76,34.85,0
-40,20,80.85,0.2080,8.69,20.59,0
-40,24,77.66,0.2105,7.14,20.30,0
-40,28,84.90,0.2053,7.95,22.56,0
-40,32,86.48,0.2097,8.26,32.77,0
-40,36,82.11,0.2055,9.25,46.55,0
-40,40,82.81,0.2135,12.39,37.07,0
-40,44,83.22,0.2078,9.54,42.80,0
-40,48,81.00,0.2049,10.23,52.62,0
-40,52,80.93,0.2104,8.86,44.28,0
-40,56,72.71,0.2117,9.03,18.70,0
-40,60,89.53,0.1944,9.72,32.27,0
-40,64,89.50,0.1910,9.16,43.11,0
-40,68,97.26,0.1550,10.97,58.44,0
-40,72,94.08,0.1332,16.50,78.74,0
-40,76,77.00,0.1525,17.09,44.57,0
-40,80,66.72,0.1860,3.58,3.34,0
-40,84,64.86,0.1764,2.96,3.34,0
-40,88,63.77,0.1737,2.67,3.40,0
-40,92,65.19,0.1933,3.20,4.38,0
-36,-96,67.69,0.1912,3.07,4.33,0
-36,-92,66.74,0.1789,3.58,2.90,0
-36,-88,68.38,0.1918,2.71,3.10,0
-36,-84,70.04,0.1692,3.24,2.67,0
-36,-80,73.71,0.1547,13.44,26.75,0
-36,-76,89.74,0.1654,12.28,51.53,0
-36,-72,84.79,0.2124,9.01,41.75,0
-36,-68,84.02,0.2225,9.29,47.16,0
-36,-64,82.79,0.2116,9.21,44.01,0
-36,-60,89.77,0.2060,9.38,46.52,0
-36,-56,81.50,0.2141,10.11,46.69,0
-36,-52,77.48,0.2166,9.12,39.28,0
-36,-48,77.28,0.2094,8.50,24.43,0
-36,-44,74.83,0.2157,8.20,30.98,0
-36,-40,75.89,0.1912,8.21,49.63,2
-36,-36,73.40,0.1545,11.84,62.01,9
-36,-32,66.33,0.1270,13.99,55.30,10
-36,-28,56.27,0.1189,10.01,43.91,14
-36,-24,62.14,0.1303,12.15,47.00,12
-36,-20,58.73,0.1510,8.17,49.38,6
-36,-16,53.61,0.1740,7.79,37.68,2
-36,-12,53.02,0.1800,8.55,42.15,0
-36,-8,62.83,0.1723,5.93,38.19,0
-36,-4,68.51,0.1705,10.03,44.59,0
-36,0,75.28,0.2023,11.11,41.99,0
-36,4,85.72,0.2057,8.87,38.32,0
-36,8,92.88,0.2031,8.16,40.60,0
-36,12,90.17,0.1910,9.63,59.83,0
-36,16,85.67,0.2008,9.67,46.28,0
-36,20,86.97,0.2078,9.12,36.76,0
-36,24,76.72,0.2071,7.33,23.70,0
-36,28,76.40,0.2083,8.54,29.36,0
-36,32,80.68,0.2128,7.89,30.75,0
-36,36,74.45,0.2105,7.78,23.81,0
-36,40,75.65,0.2215,8.28,33.69,0
-36,44,84.80,0.2205,8.23,36.32,0
-36,48,89.39,0.2059,9.50,43.59,0
-36,52,82.85,0.2084,9.28,30.17,0
-36,56,67.89,0.2178,5.62,18.92,0
-36,60,80.23,0.1992,9.97,33.55,0
-36,64,78.49,0.2005,10.78,40.77,0
-36,68,94.58,0.1699,8.61,51.06,0
-36,72,98.42,0.1341,11.81,75.81,0
-36,76,76.47,0.1469,17.06,43.81,0
-36,80,66.47,0.1792,3.43,3.16,0
-36,84,66.07,0.1783,3.09,2.96,0
-36,88,64.09,0.1757,2.82,2.64,0
-36,92,64.15,0.1875,2.97,4.20,0
-32,-96,68.76,0.1980,2.15,3.45,0
-32,-92,68.24,0.1777,3.72,2.96,0
-32,-88,65.33,0.1773,3.73,3.38,0
-32,-84,65.56,0.1683,3.63,3.11,0
-32,-80,73.04,0.1530,12.56,27.79,0
-32,-76,88.20,0.1763,11.18,57.92,0
-32,-72,89.60,0.1933,8.49,44.04,0
-32,-68,87.95,0.1906,10.06,44.67,0
-32,-64,91.17,0.1904,8.47,44.34,0
-32,-60,83.79,0.2063,8.30,36.68,0
-32,-56,86.44,0.2002,9.09,44.20,0
-32,-52,82.98,0.2119,8.25,46.18,0
-32,-48,78.36,0.2151,9.18,43.11,0
-32,-44,71.82,0.1968,7.67,28.15,0
-32,-40,72.85,0.1793,7.77,31.36,14
-32,-36,64.85,0.1510,11.54,36.64,16
-32,-32,49.37,0.1409,9.90,38.59,16
-32,-28,53.60,0.1411,9.24,45.10,16
-32,-24,47.66,0.1327,10.79,46.88,16
-32,-20,59.17,0.1585,7.98,41.39,16
-32,-16,55.79,0.1600,9.18,43.86,15
-32,-12,54.67,0.1773,6.16,38.45,9
-32,-8,57.83,0.1675,8.18,43.04,4
-32,-4,73.25,0.1724,11.37,44.80,2
-32,0,80.95,0.2155,8.37,37.16,0
-32,4,86.52,0.2107,7.82,31.25,0
-32,8,80.99,0.2068,10.18,39.76,0
-32,12,88.08,0.1948,11.73,45.55,0
-32,16,86.78,0.2037,10.11,47.84,1
-32,20,84.57,0.2179,8.78,32.98,2
-32,24,77.69,0.2135,8.08,29.80,2
-32,28,86.72,0.2091,9.78,35.89,0
-32,32,91.05,0.2060,7.44,45.78,0
-32,36,77.47,0.2244,8.09,34.33,0
-32,40,76.57,0.2223,6.77,23.10,0
-32,44,79.55,0.2215,9.36,23.43,0
-32,48,79.91,0.2193,8.67,34.63,0
-32,52,80.40,0.2088,7.78,17.98,0
-32,56,77.20,0.2050,6.90,20.21,0
-32,60,80.01,0.2061,8.42,29.83,0
-32,64,82.77,0.2093,9.01,33.56,0
-32,68,92.51,0.2043,7.75,42.55,0
-32,72,95.30,0.1350,13.63,64.58,0
-32,76,76.05,0.1439,18.30,42.65,0
-32,80,65.67,0.1772,2.73,3.46,0
-32,84,69.22,0.1780,3.15,2.92,0
-32,88,65.31,0.1776,3.04,2.98,0
-32,92,66.21,0.1847,2.85,3.43,0
-28,-96,67.32,0.1878,3.19,3.84,0
-28,-92,67.12,0.1789,3.28,3.23,0
-28,-88,66.50,0.1832,3.64,3.30,0
-28,-84,63.67,0.1879,3.49,3.16,0
-28,-80,66.48,0.1653,5.67,19.90,0
-28,-76,87.44,0.1895,5.46,32.97,0
-28,-72,88.34,0.1945,7.29,19.24,0
-28,-68,80.35,0.1957,5.34,15.77,0
-28,-64,82.33,0.1940,6.10,26.65,0
-28,-60,85.19,0.2008,6.03,21.66,0
-28,-56,91.40,0.1860,7.61,43.80,0
-28,-52,83.77,0.2138,8.66,54.83,0
-28,-48,77.69,0.2078,7.90,47.46,0
-28,-44,74.61,0.1861,7.64,41.66,3
-28,-40,66.22,0.1783,9.30,28.19,16
-28,-36,53.00,0.1699,9.03,33.91,16
-28,-32,46.74,0.1471,8.61,42.83,16
-28,-28,51.50,0.1414,8.34,41.07,16
-28,-24,54.96,0.1106,9.76,41.59,16
-28,-20,58.70,0.1445,9.04,36.72,16
-28,-16,49.53,0.1685,7.14,34.40,16
-28,-12,54.43,0.1597,8.27,37.18,16
-28,-8,56.11,0.1738,7.43,39.79,16
-28,-4,71.63,0.1969,11.83,45.77,16
-28,0,87.18,0.2019,7.46,44.58,16
-28,4,79.69,0.2187,7.71,39.28,15
-28,8,83.80,0.2086,9.47,47.11,15
-28,12,85.29,0.2093,9.20,47.98,16
-28,16,84.86,0.2057,8.98,44.36,16
-28,20,79.74,0.2168,7.09,32.04,16
-28,24,78.89,0.2268,6.83,32.80,14
-28,28,82.90,0.2090,8.25,40.39,0
-28,32,93.81,0.1921,8.75,58.96,0
-28,36,79.07,0.2184,7.46,35.67,0
-28,40,81.68,0.2239,9.07,30.73,0
-28,44,78.53,0.2242,8.55,35.31,0
-28,48,76.77,0.2191,6.94,16.20,0
-28,52,73.83,0.2278,7.84,13.12,0
-28,56,81.60,0.2048,6.69,14.92,0
-28,60,81.85,0.2051,8.18,17.41,0
-28,64,84.69,0.1909,12.44,40.54,0
-28,68,87.80,0.2008,8.13,37.05,0
-28,72,89.12,0.1616,12.81,57.02,0
-28,76,77.01,0.1539,16.50,40.22,0
-28,80,65.00,0.1695,3.30,3.51,0
-28,84,68.15,0.1811,3.43,3.09,0
-28,88,68.46,0.1717,3.88,2.92,0
-28,92,66.78,0.1816,3.49,4.09,0
-24,-96,63.44,0.1726,2.51,3.68,0
-24,-92,64.34,0.1693,2.45,3.03,0
-24,-88,64.28,0.1702,1.93,3.06,0
-24,-84,64.54,0.1733,2.46,3.37,0
-24,-80,65.47,0.1695,3.43,10.16,0
-24,-76,74.42,0.1730,11.38,25.15,0
-24,-72,77.46,0.1632,10.59,22.83,0
-24,-68,79.68,0.1834,4.53,5.25,0
-24,-64,81.94,0.1913,4.67,6.97,0
-24,-60,82.10,0.1839,5.53,13.38,0
-24,-56,83.99,0.1998,5.38,29.39,0
-24,-52,86.60,0.1847,9.33,46.02,0
-24,-48,90.40,0.1952,8.01,43.45,0
-24,-44,79.37,0.1705,9.19,52.29,4
-24,-40,73.25,0.1650,12.92,38.19,16
-24,-36,42.81,0.1892,7.39,35.45,16
-24,-32,47.29,0.1552,8.60,39.70,16
-24,-28,49.24,0.1486,7.94,40.32,16
-24,-24,47.19,0.1288,6.01,30.98,16
-24,-20,53.08,0.1446,7.23,30.31,16
-24,-16,51.32,0.1383,8.43,28.29,16
-24,-12,57.11,0.1409,10.52,36.00,16
-24,-8,62.38,0.1463,8.60,34.03,16
-24,-4,69.82,0.1697,10.61,27.99,16
-24,0,82.81,0.1985,8.64,33.86,16
-24,4,86.95,0.2111,8.29,30.85,16
-24,8,85.13,0.2133,8.91,39.86,16
-24,12,82.13,0.2057,9.04,32.40,16
-24,16,81.26,0.2157,9.10,33.95,16
-24,20,89.42,0.2100,7.47,36.89,16
-24,24,87.89,0.2112,7.49,36.65,16
-24,28,88.38,0.2069,7.81,40.14,4
-24,32,85.65,0.2171,8.17,40.64,0
-24,36,81.62,0.2205,7.16,26.81,0
-24,40,86.19,0.2224,6.66,23.72,0
-24,44,88.05,0.2199,7.63,38.16,0
-24,48,84.33,0.2130,9.07,33.25,0
-24,52,75.57,0.2156,10.25,37.04,0
-24,56,78.78,0.2100,6.76,32.57,0
-24,60,85.52,0.2112,9.36,33.73,0
-24,64,79.09,0.2109,10.80,28.75,0
-24,68,79.76,0.2166,9.27,35.04,0
-24,72,87.18,0.1712,13.73,64.34,0
-24,76,80.02,0.1464,15.43,41.59,0
-24,80,66.65,0.1905,3.51,3.08,0
-24,84,64.44,0.1666,2.26,3.11,0
-24,88,62.27,0.1855,2.20,2.98,0
-24,92,63.84,0.1777,2.34,4.11,0
-20,-96,66.50,0.1848,2.75,4.24,0
-20,-92,68.00,0.1808,3.38,3.49,0
-20,-88,67.14,0.1752,3.23,2.79,0
-20,-84,70.89,0.1768,3.45,3.20,0
-20,-80,66.57,0.1856,2.97,3.74,0
-20,-76,65.17,0.1758,4.12,16.02,0
-20,-72,68.65,0.1771,7.77,17.47,0
-20,-68,70.33,0.1468,5.00,17.93,0
-20,-64,72.67,0.1568,4.90,20.85,0
-20,-60,80.51,0.1815,8.06,14.58,0
-20,-56,76.24,0.1863,4.35,9.58,0
-20,-52,83.69,0.1968,5.93,28.15,0
-20,-48,86.52,0.2017,6.78,42.87,0
-20,-44,74.87,0.1987,8.36,47.70,0
-20,-40,72.05,0.1707,8.62,46.68,14
-20,-36,48.55,0.1818,9.49,29.29,16
-20,-32,50.03,0.1487,7.37,27.36,16
-20,-28,56.32,0.1466,7.21,28.55,16
-20,-24,54.33,0.1232,7.71,31.10,16
-20,-20,58.58,0.1252,7.08,25.37,16
-20,-16,47.86,0.1713,8.21,41.71,16
-20,-12,45.50,0.1715,7.01,32.39,16
-20,-8,63.97,0.1360,9.39,35.59,16
-20,-4,76.30,0.1468,8.55,33.16,16
-20,0,84.26,0.1642,7.90,46.24,16
-20,4,87.17,0.1822,7.95,29.89,16
-20,8,85.07,0.2083,7.21,38.67,16
-20,12,83.69,0.2047,8.90,30.48,16
-20,16,78.55,0.2172,7.73,26.32,16
-20,20,84.11,0.2107,9.21,29.16,16
-20,24,80.65,0.2191,7.03,35.79,16
-20,28,80.35,0.2132,8.61,42.98,4
-20,32,82.10,0.2223,7.51,33.59,0
-20,36,81.31,0.2261,7.79,18.79,0
-20,40,80.33,0.2218,7.61,45.02,0
-20,44,86.21,0.2008,8.25,56.80,0
-20,48,84.36,0.2077,10.43,48.70,0
-20,52,74.45,0.2157,6.77,34.70,0
-20,56,82.73,0.2115,8.66,35.17,0
-20,60,80.36,0.2100,8.48,50.15,0
-20,64,88.83,0.2010,9.28,41.67,0
-20,68,76.83,0.2132,8.41,35.91,0
-20,72,97.70,0.1363,11.55,66.62,0
-20,76,74.90,0.1526,16.65,41.98,0
-20,80,69.52,0.1929,2.83,3.54,0
-20,84,65.64,0.1794,2.93,3.11,0
-20,88,65.81,0.1883,3.35,3.07,0
-20,92,63.84,0.1783,2.90,4.71,0
-16,-96,65.81,0.1744,3.25,3.26,0
-16,-92,65.55,0.1796,2.49,3.40,0
-16,-88,69.21,0.1799,2.92,3.40,0
-16,-84,66.47,0.1771,3.63,3.75,0
-16,-80,66.43,0.1772,3.34,7.73,0
-16,-76,67.93,0.1841,4.29,14.82,0
-16,-72,62.00,0.2226,3.75,12.37,0
-16,-68,64.36,0.1986,4.52,13.10,0
-16,-64,61.72,0.2128,5.27,4.12,0
-16,-60,73.80,0.1841,7.09,9.82,0
-16,-56,78.52,0.1848,4.73,18.17,0
-16,-52,89.30,0.1947,6.64,29.76,0
-16,-48,88.20,0.2047,7.14,34.49,0
-16,-44,83.58,0.2139,7.42,45.66,0
-16,-40,77.01,0.1969,8.42,36.94,8
-16,-36,60.73,0.1632,10.79,31.90,16
-16,-32,58.20,0.1604,7.57,25.57,16
-16,-28,55.26,0.1657,6.05,31.15,16
-16,-24,62.27,0.1342,9.94,36.08,16
-16,-20,62.70,0.1432,7.88,21.84,16
-16,-16,68.68,0.1600,12.18,26.52,16
-16,-12,56.54,0.1514,8.92,39.11,16
-16,-8,64.14,0.1302,11.65,39.23,16
-16,-4,66.56,0.1572,10.43,43.27,16
-16,0,78.84,0.1571,12.54,36.14,16
-16,4,87.16,0.1735,7.67,33.60,16
-16,8,87.73,0.1981,6.83,25.37,16
-16,12,85.40,0.1914,9.66,20.26,16
-16,16,82.40,0.2019,8.45,22.84,16
-16,20,76.25,0.2240,7.67,41.21,16
-16,24,81.31,0.2107,8.73,39.43,16
-16,28,81.95,0.2161,7.42,33.52,4
-16,32,81.53,0.2039,8.77,36.41,0
-16,36,75.61,0.2323,7.68,13.28,0
-16,40,78.27,0.2164,9.56,36.73,0
-16,44,80.68,0.2096,9.81,48.70,0
-16,48,79.92,0.2165,10.23,45.22,0
-16,52,84.01,0.2105,9.61,45.86,0
-16,56,79.03,0.2095,9.23,39.70,0
-16,60,81.53,0.2040,8.62,40.24,0
-16,64,83.40,0.2119,9.41,45.25,0
-16,68,81.45,0.1988,10.18,52.91,0
-16,72,95.34,0.1510,12.03,59.10,0
-16,76,77.61,0.1419,15.91,42.80,0
-16,80,69.90,0.1677,3.48,3.58,0
-16,84,67.38,0.1826,3.01,3.06,0
-16,88,65.74,0.1752,3.21,3.67,0
-16,92,66.76,0.1824,3.38,4.44,0
-12,-96,67.15,0.1755,3.83,3.92,0
-12,-92,66.68,0.1785,3.45,3.14,0
-12,-88,64.02,0.1790,2.84,3.25,0
-12,-84,66.49,0.1697,3.35,3.41,0
-12,-80,68.91,0.1703,3.64,9.36,0
-12,-76,68.64,0.1891,3.27,15.07,0
-12,-72,63.36,0.1967,4.19,14.63,0
-12,-68,62.25,0.2034,3.39,13.38,0
-12,-64,59.40,0.2031,6.17,9.63,0
-12,-60,64.95,0.2025,5.22,13.04,0
-12,-56,77.36,0.2042,8.38,26.76,0
-12,-52,87.53,0.2064,6.32,18.15,0
-12,-48,85.59,0.2106,6.23,30.22,0
-12,-44,84.28,0.2124,6.85,38.95,0
-12,-40,78.59,0.2194,8.06,43.64,1
-12,-36,77.66,0.1489,10.24,41.76,13
-12,-32,68.72,0.1553,8.30,24.70,16
-12,-28,64.09,0.1612,7.29,31.77,16
-12,-24,68.26,0.1592,7.78,31.04,16
-12,-20,74.56,0.1402,10.86,40.43,16
-12,-16,76.42,0.1626,11.39,39.19,16
-12,-12,83.11,0.1682,10.23,26.34,16
-12,-8,74.29,0.1643,9.30,37.44,16
-12,-4,69.61,0.1611,9.23,32.89,16
-12,0,78.88,0.1397,11.98,43.02,16
-12,4,86.06,0.1876,6.76,26.44,16
-12,8,88.21,0.1712,7.02,23.36,16
-12,12,89.33,0.1731,7.66,25.62,16
-12,16,82.97,0.1832,10.82,36.83,16
-12,20,81.30,0.1912,10.88,37.32,16
-12,24,78.05,0.2279,6.81,26.53,16
-12,28,76.37,0.2319,7.48,32.10,7
-12,32,70.74,0.2290,7.34,30.79,0
-12,36,68.68,0.2458,5.02,17.04,0
-12,40,68.68,0.2425,9.94,39.53,0
-12,44,79.71,0.1932,11.36,52.27,0
-12,48,75.68,0.2263,8.59,40.13,0
-12,52,80.90,0.2203,8.09,39.05,0
-12,56,81.78,0.2058,10.38,49.69,0
-12,60,86.54,0.2090,10.02,47.01,0
-12,64,84.95,0.2078,10.23,46.69,0
-12,68,79.56,0.2093,9.09,49.70,0
-12,72,93.97,0.1518,11.93,54.24,0
-12,76,78.65,0.1412,16.00,42.91,0
-12,80,66.61,0.1675,3.81,3.20,0
-12,84,69.41,0.1643,3.21,3.75,0
-12,88,66.98,0.1920,2.97,3.84,0
-12,92,67.90,0.1640,2.95,4.58,0
-8,-96,64.76,0.1756,2.61,3.72,0
-8,-92,69.29,0.1885,2.79,2.77,0
-8,-88,66.75,0.1865,3.66,3.01,0
-8,-84,67.39,0.1707,3.57,3.12,0
-8,-80,65.05,0.1648,3.28,8.73,0
-8,-76,67.36,0.1784,6.75,26.31,0
-8,-72,61.14,0.1980,3.95,13.36,0
-8,-68,67.92,0.1818,6.84,12.85,0
-8,-64,68.97,0.1853,4.92,16.17,0
-8,-60,62.56,0.2242,4.59,29.84,0
-8,-56,63.32,0.2336,5.50,48.17,0
-8,-52,67.83,0.2097,6.85,18.21,0
-8,-48,70.45,0.2102,6.54,14.63,0
-8,-44,72.39,0.2227,6.49,27.16,0
-8,-40,78.70,0.2060,7.96,39.54,0
-8,-36,72.39,0.1813,9.04,34.20,2
-8,-32,60.99,0.1899,9.22,46.12,14
-8,-28,57.47,0.2179,8.68,27.86,16
-8,-24,58.42,0.2003,11.90,23.35,16
-8,-20,76.74,0.1779,14.04,33.59,16
-8,-16,90.53,0.1587,8.87,25.50,16
-8,-12,90.88,0.1493,7.32,26.09,16
-8,-8,78.60,0.1478,10.94,30.62,16
-8,-4,69.94,0.1386,12.74,37.37,16
-8,0,90.68,0.1220,7.69,24.58,16
-8,4,93.03,0.1450,6.36,23.60,16
-8,8,85.50,0.1724,6.96,25.33,16
-8,12,82.01,0.1586,8.37,28.78,16
-8,16,79.90,0.1848,7.98,27.31,16
-8,20,81.90,0.2136,8.03,37.85,16
-8,24,77.53,0.2187,7.16,35.59,16
-8,28,73.69,0.2315,7.68,34.96,8
-8,32,71.85,0.2348,5.37,22.18,0
-8,36,68.20,0.2314,7.43,39.19,0
-8,40,62.68,0.2437,7.73,25.68,0
-8,44,61.50,0.2512,5.74,23.80,0
-8,48,68.28,0.2418,7.71,20.67,0
-8,52,79.85,0.2378,7.06,26.59,0
-8,56,79.95,0.2284,8.99,31.22,0
-8,60,83.02,0.2139,10.62,33.27,0
-8,64,84.56,0.2031,9.02,40.12,0
-8,68,76.16,0.2090,6.85,39.29,0
-8,72,97.07,0.1478,10.21,54.50,0
-8,76,79.10,0.1435,15.32,40.60,0
-8,80,65.81,0.1766,3.09,3.35,0
-8,84,69.32,0.1785,2.44,3.59,0
-8,88,65.57,0.1825,2.58,3.02,0
-8,92,64.70,0.1772,2.96,4.73,0
-4,-96,66.06,0.1829,2.52,3.88,0
-4,-92,68.02,0.1849,2.95,3.29,0
-4,-88,63.91,0.1670,2.17,3.61,0
-4,-84,64.54,0.1916,3.32,3.34,0
-4,-80,65.18,0.1774,4.31,19.13,0
-4,-76,83.58,0.1869,5.94,38.37,0
-4,-72,81.76,0.1840,9.16,32.58,0
-4,-68,72.97,0.1774,6.88,22.91,0
-4,-64,68.96,0.2060,6.45,26.34,0
-4,-60,61.20,0.2159,7.22,27.30,0
-4,-56,58.28,0.2180,5.93,30.23,0
-4,-52,58.13,0.2143,3.57,11.04,0
-4,-48,63.40,0.2145,7.41,19.34,0
-4,-44,66.18,0.2188,5.43,29.03,0
-4,-40,70.32,0.2014,9.15,48.37,0
-4,-36,67.68,0.1768,10.14,59.08,0
-4,-32,57.21,0.1942,8.21,40.37,12
-4,-28,60.05,0.2066,11.28,20.81,16
-4,-24,53.14,0.2187,9.52,22.11,16
-4,-20,73.80,0.1649,13.50,18.00,16
-4,-16,86.24,0.1563,7.73,21.63,16
-4,-12,85.68,0.1454,6.91,22.17,16
-4,-8,89.45,0.1349,5.49,20.09,16
-4,-4,75.58,0.1419,14.60,35.48,16
-4,0,89.19,0.1252,5.90,23.61,16
-4,4,84.03,0.1369,9.50,19.48,16
-4,8,68.94,0.1819,9.68,30.42,16
-4,12,72.69,0.1653,9.52,25.66,16
-4,16,70.26,0.2007,7.93,36.07,16
-4,20,68.16,0.2288,6.21,37.30,16
-4,24,71.24,0.2314,6.78,46.86,16
-4,28,65.97,0.2437,7.50,24.02,4
-4,32,64.67,0.2197,7.04,38.02,0
-4,36,62.85,0.2222,8.08,49.09,0
-4,40,64.78,0.2169,6.27,29.83,0
-4,44,62.62,0.2390,6.61,18.61,0
-4,48,65.01,0.2344,7.79,47.98,0
-4,52,70.94,0.2427,6.58,45.91,0
-4,56,80.03,0.2145,8.77,59.83,0
-4,60,77.62,0.2199,7.27,37.30,0
-4,64,86.98,0.2178,9.56,39.93,0
-4,68,79.50,0.2139,9.42,41.16,0
-4,72,91.30,0.1642,11.78,48.95,0
-4,76,73.69,0.1565,16.26,38.05,0
-4,80,66.83,0.1787,3.32,3.14,0
-4,84,69.33,0.1644,3.31,3.51,0
-4,88,64.83,0.1741,2.63,2.96,0
-4,92,66.97,0.1812,3.03,4.65,0
0,-96,65.26,0.1713,3.22,3.85,0
0,-92,70.05,0.1701,2.95,3.14,0
0,-88,66.57,0.1847,2.81,3.38,0
0,-84,64.00,0.2011,3.61,3.17,0
0,-80,63.94,0.1863,3.69,16.30,0
0,-76,79.16,0.1966,5.07,35.32,0
0,-72,78.10,0.2022,7.97,34.43,0
0,-68,71.86,0.2047,6.07,30.39,0
0,-64,58.74,0.2225,7.10,18.41,0
0,-60,51.24,0.2243,3.39,7.70,0
0,-56,49.62,0.2174,3.75,7.51,0
0,-52,52.55,0.2243,4.35,8.47,0
0,-48,54.61,0.2208,5.97,15.06,0
0,-44,62.22,0.2182,5.09,21.41,0
0,-40,58.94,0.2120,7.52,46.01,0
0,-36,54.78,0.2050,8.77,41.59,0
0,-32,53.16,0.1963,7.61,31.60,10
0,-28,49.05,0.2274,6.43,15.97,16
0,-24,53.64,0.1957,11.92,20.50,16
0,-20,67.28,0.1498,12.75,19.64,16
0,-16,83.24,0.1346,8.90,21.45,16
0,-12,85.51,0.1233,7.43,26.47,16
0,-8,91.68,0.1097,5.68,20.83,16
0,-4,79.39,0.1440,11.77,30.54,16
0,0,82.47,0.1309,8.70,29.23,16
0,4,72.63,0.1418,11.36,36.36,16
0,8,64.24,0.1604,11.81,31.54,16
0,12,62.08,0.1850,9.69,29.36,16
0,16,63.61,0.1700,10.82,40.92,16
0,20,64.60,0.1783,9.54,45.42,16
0,24,71.15,0.1884,9.57,50.67,16
0,28,65.03,0.2195,6.66,42.41,8
0,32,65.71,0.2151,7.83,45.70,0
0,36,72.20,0.2259,7.62,47.90,0
0,40,62.29,0.2173,6.90,40.42,0
0,44,64.57,0.2261,6.63,30.06,0
0,48,65.44,0.2176,7.81,29.79,0
0,52,66.53,0.2284,6.72,29.98,0
0,56,75.81,0.2223,6.86,26.12,0
0,60,84.33,0.2174,6.51,37.54,0
0,64,84.53,0.2137,8.63,35.39,0
0,68,84.51,0.2147,8.47,51.95,0
0,72,92.10,0.1690,11.09,49.04,0
0,76,73.96,0.1517,16.21,35.93,0
0,80,64.00,0.1883,3.15,2.58,0
0,84,66.36,0.1780,2.96,2.88,0
0,88,67.47,0.1845,3.05,3.26,0
0,92,67.30,0.1921,2.88,4.10,0
4,-96,65.13,0.1858,3.29,4.05,0
4,-92,65.44,0.1789,3.03,2.88,0
4,-88,67.75,0.1783,3.76,3.06,0
4,-84,63.09,0.1801,3.15,3.77,0
4,-80,61.82,0.2101,3.35,13.76,0
4,-76,74.06,0.1888,6.56,28.85,0
4,-72,74.38,0.2211,6.23,56.41,0
4,-68,64.89,0.2419,6.64,49.41,0
4,-64,61.23,0.2280,9.14,45.35,0
4,-60,52.51,0.2129,6.13,21.82,0
4,-56,48.25,0.2199,3.73,7.70,0
4,-52,48.84,0.2224,3.33,8.14,0
4,-48,48.37,0.2074,4.06,9.04,0
4,-44,53.93,0.2207,5.29,18.73,0
4,-40,57.85,0.2293,5.58,33.21,0
4,-36,51.67,0.2178,5.12,28.30,0
4,-32,48.77,0.2182,4.58,22.55,8
4,-28,46.40,0.2122,5.43,20.47,16
4,-24,68.12,0.1764,13.18,20.46,16
4,-20,60.67,0.1648,12.29,22.01,16
4,-16,74.54,0.1428,16.55,25.26,16
4,-12,84.27,0.1179,8.29,25.00,16
4,-8,81.72,0.1201,13.68,24.83,16
4,-4,89.00,0.1162,5.32,17.73,16
4,0,77.37,0.1380,11.43,36.95,16
4,4,73.14,0.1382,10.36,35.43,16
4,8,71.06,0.1794,6.14,24.49,16
4,12,70.27,0.1668,8.14,25.08,16
4,16,69.84,0.1728,8.03,36.17,16
4,20,68.85,0.1540,10.79,43.12,16
4,24,70.10,0.1737,8.71,53.23,16
4,28,66.62,0.2153,7.40,43.54,8
4,32,65.86,0.2104,6.92,43.89,0
4,36,68.74,0.2234,8.10,46.38,0
4,40,66.26,0.2267,10.66,46.29,0
4,44,66.08,0.2323,6.39,39.07,0
4,48,66.96,0.2266,6.53,20.87,0
4,52,70.89,0.2276,6.82,27.67,0
4,56,72.91,0.2191,8.44,33.03,0
4,60,82.00,0.2234,6.96,24.85,0
4,64,76.71,0.2281,6.13,24.62,0
4,68,87.15,0.2194,7.87,28.23,0
4,72,85.13,0.1889,10.76,42.90,0
4,76,73.88,0.1591,12.97,33.46,0
4,80,66.30,0.1825,3.73,3.19,0
4,84,66.42,0.1796,2.80,3.09,0
4,88,67.95,0.1857,3.10,2.95,0
4,92,66.97,0.1752,3.30,3.87,0
8,-96,64.30,0.1940,3.29,3.38,0
8,-92,68.55,0.1886,2.57,3.22,0
8,-88,72.23,0.1661,1.90,3.60,0
8,-84,66.37,0.1965,3.18,2.73,0
8,-80,60.56,0.2213,3.54,11.98,0
8,-76,69.41,0.2031,5.14,25.79,0
8,-72,69.20,0.2339,7.09,37.89,0
8,-68,63.16,0.2498,5.43,39.60,0
8,-64,69.38,0.2186,7.87,47.36,0
8,-60,60.72,0.2091,7.00,25.02,0
8,-56,52.26,0.2120,4.26,15.89,0
8,-52,51.12,0.1959,4.36,16.64,0
8,-48,47.72,0.1807,2.87,10.99,0
8,-44,51.13,0.2099,3.87,14.61,0
8,-40,49.72,0.2208,4.80,24.16,0
8,-36,49.13,0.2339,5.17,22.91,0
8,-32,55.08,0.2166,5.00,24.21,9
8,-28,51.30,0.2146,5.01,22.29,16
8,-24,60.80,0.1796,10.29,19.47,16
8,-20,54.44,0.1645,10.16,27.34,16
8,-16,54.85,0.1546,9.18,37.24,16
8,-12,69.70,0.1238,10.75,39.98,16
8,-8,53.52,0.1105,7.70,37.85,16
8,-4,60.08,0.1418,13.27,33.72,16
8,0,70.80,0.1511,14.67,25.60,16
8,4,73.02,0.1626,11.64,28.48,16
8,8,76.14,0.1703,6.69,19.76,16
8,12,74.77,0.1665,8.00,31.44,16
8,16,71.35,0.1661,7.33,36.71,16
8,20,66.66,0.1895,9.28,40.13,16
8,24,66.94,0.2015,7.38,46.38,16
8,28,65.14,0.2190,6.81,38.24,10
8,32,64.60,0.2150,6.02,46.22,0
8,36,64.79,0.2146,6.03,36.11,0
8,40,70.39,0.2125,8.02,49.63,0
8,44,72.76,0.2055,6.37,37.50,0
8,48,75.67,0.2100,6.87,18.24,0
8,52,77.40,0.1998,6.16,30.44,0
8,56,78.08,0.2179,7.48,47.51,0
8,60,77.64,0.2208,7.60,37.52,0
8,64,78.83,0.2208,7.02,29.63,0
8,68,85.20,0.2119,7.25,31.32,0
8,72,89.40,0.1929,8.12,41.29,0
8,76,73.81,0.1599,9.50,28.76,0
8,80,66.26,0.1772,2.97,3.07,0
8,84,67.16,0.1894,2.51,3.27,0
8,88,65.80,0.1812,2.85,2.81,0
8,92,64.34,0.1849,3.52,3.99,0
12,-96,63.31,0.1991,2.93,3.47,0
12,-92,64.59,0.1679,2.84,3.35,0
12,-88,67.16,0.1733,3.28,3.67,0
12,-84,64.07,0.1891,3.02,2.90,0
12,-80,59.47,0.2236,4.34,10.52,0
12,-76,64.11,0.2143,5.43,21.60,0
12,-72,67.44,0.2240,6.15,26.87,0
12,-68,65.29,0.2249,6.01,24.34,0
12,-64,62.66,0.2348,5.68,32.04,0
12,-60,59.80,0.2331,5.48,37.96,0
12,-56,56.17,0.2249,5.26,22.05,0
12,-52,49.60,0.2138,3.93,19.95,0
12,-48,47.69,0.2096,3.32,15.41,0
12,-44,48.93,0.2135,4.43,14.89,0
12,-40,47.78,0.2094,4.48,29.24,0
12,-36,49.93,0.2436,5.47,20.46,0
12,-32,50.95,0.1705,6.89,41.63,10
12,-28,47.81,0.1464,7.58,37.30,16
12,-24,50.26,0.1644,8.61,28.19,16
12,-20,52.19,0.1582,8.19,32.15,16
12,-16,49.24,0.1430,5.25,37.93,16
12,-12,53.65,0.1042,8.60,40.68,16
12,-8,49.28,0.0805,9.58,42.27,16
12,-4,62.07,0.1458,10.82,35.24,16
12,0,72.90,0.1540,13.58,28.37,16
12,4,73.80,0.1503,11.42,27.69,16
12,8,73.91,0.1485,12.20,31.89,16
12,12,73.00,0.1403,7.84,33.16,16
12,16,77.34,0.1588,8.76,46.39,16
12,20,83.24,0.1991,6.24,25.67,16
12,24,74.97,0.1928,8.27,45.14,16
12,28,71.41,0.2040,7.68,41.47,14
12,32,70.43,0.2015,7.34,48.41,3
12,36,67.85,0.2058,7.53,37.85,0
12,40,67.42,0.2252,5.55,35.89,0
12,44,68.49,0.2033,6.13,28.47,0
12,48,67.95,0.2017,4.82,18.63,0
12,52,76.43,0.2090,6.06,43.00,0
12,56,81.30,0.2038,7.52,33.67,0
12,60,83.86,0.2228,8.13,40.72,0
12,64,86.17,0.2060,8.09,39.17,0
12,68,82.13,0.2081,5.73,31.61,0
12,72,87.58,0.1909,6.81,36.09,0
12,76,70.14,0.1735,8.18,25.26,0
12,80,64.55,0.1773,2.71,3.10,0
12,84,67.47,0.1962,2.61,2.69,0
12,88,66.27,0.1829,3.21,3.63,0
12,92,66.55,0.1867,3.14,4.35,0
16,-96,66.50,0.1797,3.09,3.61,0
16,-92,65.37,0.1760,3.27,3.13,0
16,-88,67.94,0.1908,2.46,3.34,0
16,-84,62.83,0.2159,3.87,3.18,0
16,-80,55.83,0.2190,3.78,10.90,0
16,-76,61.80,0.2148,4.98,19.57,0
16,-72,61.22,0.2359,5.12,18.61,0
16,-68,62.27,0.2214,5.67,21.18,0
16,-64,58.58,0.2398,5.64,21.21,0
16,-60,54.44,0.2199,5.34,23.46,0
16,-56,50.08,0.2243,4.48,11.94,0
16,-52,47.19,0.2257,3.11,9.56,0
16,-48,46.30,0.2224,3.47,8.85,0
16,-44,47.38,0.2251,3.49,11.72,0
16,-40,48.65,0.2252,4.79,19.73,0
16,-36,50.27,0.2427,5.26,25.29,0
16,-32,51.74,0.2218,5.97,27.00,6
16,-28,41.81,0.1419,11.20,39.67,16
16,-24,44.45,0.1111,10.72,42.02,16
16,-20,51.73,0.1451,9.37,38.16,16
16,-16,55.29,0.1531,10.95,35.25,16
16,-12,46.19,0.1213,8.94,47.14,16
16,-8,49.91,0.1250,9.23,37.66,16
16,-4,55.02,0.1558,11.97,43.46,16
16,0,57.78,0.1198,12.12,42.92,16
16,4,54.22,0.1489,6.39,37.05,16
16,8,56.56,0.1471,9.64,36.34,16
16,12,78.69,0.1380,9.47,21.90,16
16,16,83.32,0.1562,7.57,29.90,16
16,20,82.47,0.1652,7.21,31.26,16
16,24,78.76,0.1653,8.93,37.11,16
16,28,70.30,0.2034,8.49,29.20,13
16,32,71.63,0.2126,5.61,41.59,0
16,36,77.80,0.2316,7.24,44.02,0
16,40,69.73,0.2454,6.11,42.83,0
16,44,73.23,0.2161,7.23,26.61,0
16,48,71.15,0.2042,4.78,13.92,0
16,52,73.39,0.1886,5.43,16.66,0
16,56,80.18,0.1969,6.30,26.59,0
16,60,85.15,0.1958,7.67,37.85,0
16,64,84.57,0.1970,6.59,32.58,0
16,68,85.20,0.2013,6.68,25.10,0
16,72,87.78,0.1909,6.88,28.54,0
16,76,70.67,0.1735,6.47,23.05,0
16,80,67.75,0.1872,3.55,3.09,0
16,84,66.30,0.1908,3.17,3.06,0
16,88,64.72,0.1689,2.37,3.15,0
16,92,65.84,0.1856,3.21,3.93,0
20,-96,67.95,0.1905,2.50,3.75,0
20,-92,66.21,0.1795,3.72,3.14,0
20,-88,63.75,0.2192,4.06,3.46,0
20,-84,58.82,0.2146,3.02,3.37,0
20,-80,57.47,0.2079,2.96,11.18,0
20,-76,64.01,0.2071,4.90,19.79,0
20,-72,59.15,0.2145,4.93,17.57,0
20,-68,59.87,0.2310,4.65,17.16,0
20,-64,57.76,0.2269,5.72,26.38,0
20,-60,53.89,0.2368,5.77,47.46,0
20,-56,50.59,0.2091,5.19,32.08,0
20,-52,47.21,0.2089,4.00,10.55,0
20,-48,47.94,0.2075,3.42,9.43,0
20,-44,48.92,0.2054,3.69,12.16,0
20,-40,47.89,0.2007,3.55,11.05,0
20,-36,54.17,0.2109,5.86,30.68,0
20,-32,51.14,0.1784,9.59,37.53,13
20,-28,42.99,0.1220,10.79,50.09,16
20,-24,44.64,0.1194,7.73,44.10,16
20,-20,47.86,0.1275,9.93,40.65,16
20,-16,44.39,0.1032,8.43,39.08,16
20,-12,45.86,0.0975,10.67,55.00,16
20,-8,45.88,0.1054,9.69,40.43,16
20,-4,47.03,0.1206,11.20,46.00,16
20,0,44.09,0.1134,8.14,45.22,16
20,4,49.40,0.1135,10.53,32.91,16
20,8,51.94,0.1461,11.21,30.79,16
20,12,60.80,0.1486,16.52,33.25,16
20,16,73.87,0.1704,11.53,28.40,16
20,20,68.33,0.1675,8.10,36.92,16
20,24,74.16,0.1742,8.00,33.75,16
20,28,74.14,0.1900,6.93,21.01,16
20,32,81.25,0.1893,6.90,33.33,2
20,36,86.08,0.2066,7.03,35.11,0
20,40,76.51,0.1988,5.21,29.03,0
20,44,79.65,0.1896,5.48,19.99,0
20,48,63.83,0.1990,5.13,8.23,0
20,52,67.46,0.1870,7.43,11.71,0
20,56,75.20,0.1767,6.82,12.03,0
20,60,80.39,0.1952,6.48,17.75,0
20,64,83.19,0.1871,6.55,21.03,0
20,68,82.37,0.1872,7.60,23.05,0
20,72,88.27,0.1932,6.20,39.38,0
20,76,70.11,0.1771,5.13,23.13,0
20,80,67.62,0.1857,3.36,3.55,0
20,84,66.24,0.1703,3.23,2.95,0
20,88,66.90,0.1935,2.48,3.58,0
20,92,65.54,0.1778,2.75,4.42,0
24,-96,65.42,0.1850,3.13,3.60,0
24,-92,65.76,0.1875,3.39,3.64,0
24,-88,62.32,0.1984,2.92,3.55,0
24,-84,60.71,0.2129,3.69,3.58,0
24,-80,59.17,0.1984,3.45,9.82,0
24,-76,61.29,0.2050,5.25,14.09,0
24,-72,56.89,0.2158,3.85,12.91,0
24,-68,58.17,0.2123,4.83,14.23,0
24,-64,59.28,0.2278,5.68,22.70,0
24,-60,55.17,0.2390,4.93,31.64,0
24,-56,52.24,0.2100,4.84,31.12,0
24,-52,48.38,0.1722,3.36,18.77,0
24,-48,49.26,0.1880,4.00,11.32,0
24,-44,50.29,0.1903,3.53,13.50,0
24,-40,46.67,0.1656,3.93,8.19,0
24,-36,48.81,0.1938,4.23,17.99,0
24,-32,48.02,0.1316,14.39,44.80,15
24,-28,42.02,0.1142,7.23,44.16,16
24,-24,43.34,0.1163,5.75,41.65,16
24,-20,43.78,0.0946,6.47,37.75,16
24,-16,42.95,0.1152,6.96,40.28,16
24,-12,38.68,0.1226,7.70,42.63,16
24,-8,36.46,0.0967,6.42,40.33,16
24,-4,36.90,0.1290,6.89,40.90,16
24,0,41.16,0.1095,7.75,39.84,16
24,4,50.99,0.1325,9.85,40.07,16
24,8,46.61,0.1367,6.70,32.02,16
24,12,43.66,0.1676,4.46,25.48,16
24,16,50.58,0.1686,7.52,36.18,16
24,20,59.15,0.1722,6.04,34.32,16
24,24,77.94,0.1910,8.37,26.13,16
24,28,82.79,0.2025,5.00,19.14,14
24,32,81.27,0.1893,4.50,18.11,0
24,36,83.42,0.1905,7.34,19.73,0
24,40,81.51,0.1898,6.61,18.68,0
24,44,70.39,0.1755,7.77,15.00,0
24,48,67.82,0.1736,3.45,9.80,0
24,52,70.35,0.1644,3.62,12.03,0
24,56,68.81,0.1782,3.55,10.21,0
24,60,67.97,0.1762,4.40,11.67,0
24,64,72.87,0.1802,5.28,12.91,0
24,68,78.56,0.1910,7.46,18.79,0
24,72,83.86,0.1888,4.97,25.65,0
24,76,70.79,0.1660,4.58,19.12,0
24,80,64.43,0.1749,2.83,3.26,0
24,84,67.12,0.1841,3.16,3.48,0
24,88,67.21,0.1826,3.55,3.21,0
24,92,63.25,0.1664,1.98,3.97,0
28,-96,63.59,0.1845,3.19,3.90,0
28,-92,68.25,0.1804,2.70,2.92,0
28,-88,64.62,0.1827,2.71,2.96,0
28,-84,57.67,0.2254,2.60,2.93,0
28,-80,54.43,0.2514,2.95,6.69,0
28,-76,55.62,0.2335,5.52,12.52,0
28,-72,57.38,0.2189,6.06,11.26,0
28,-68,53.68,0.2210,5.23,10.74,0
28,-64,57.36,0.2210,5.49,21.65,0
28,-60,51.12,0.2411,5.68,30.38,0
28,-56,53.38,0.2479,5.38,26.19,0
28,-52,50.83,0.1884,4.31,22.88,0
28,-48,46.74,0.1655,3.42,11.66,0
28,-44,52.07,0.1977,3.91,20.86,0
28,-40,50.42,0.2002,5.59,11.70,0
28,-36,52.20,0.2315,4.88,14.54,0
28,-32,51.07,0.1794,12.17,27.35,3
28,-28,41.19,0.0972,10.49,30.90,13
28,-24,43.78,0.0930,4.61,36.00,16
28,-20,43.89,0.0763,6.71,23.18,16
28,-16,41.43,0.0813,3.94,27.49,12
28,-12,43.04,0.0742,5.60,31.66,8
28,-8,39.71,0.0948,6.93,30.52,14
28,-4,38.19,0.0767,6.90,38.21,16
28,0,44.53,0.0678,9.19,43.59,14
28,4,41.20,0.0926,6.30,37.19,12
28,8,41.92,0.1048,8.88,38.59,12
28,12,44.95,0.1618,7.75,25.55,8
28,16,46.51,0.1923,5.10,13.88,14
28,20,60.84,0.2021,8.22,36.04,15
28,24,70.66,0.1934,7.76,33.12,16
28,28,80.01,0.2011,4.50,18.18,1
28,32,82.48,0.1918,8.12,17.99,0
28,36,68.47,0.1744,8.07,13.74,0
28,40,72.65,0.1747,9.53,18.48,0
28,44,67.13,0.1892,4.29,15.06,0
28,48,65.72,0.1702,3.06,8.85,0
28,52,69.36,0.1742,3.07,7.62,0
28,56,68.45,0.1776,3.26,3.42,0
28,60,68.76,0.1815,3.10,2.95,0
28,64,67.70,0.1825,3.05,7.46,0
28,68,71.39,0.1704,7.27,13.32,0
28,72,77.52,0.1817,8.51,17.21,0
28,76,67.02,0.1817,4.46,15.71,0
28,80,66.68,0.1816,3.50,3.05,0
28,84,67.72,0.1844,3.33,3.06,0
28,88,67.78,0.1776,3.59,3.44,0
28,92,66.87,0.1821,3.06,4.03,0
32,-96,64.27,0.1767,2.98,3.50,0
32,-92,68.48,0.1857,3.13,2.98,0
32,-88,66.10,0.1796,3.30,3.11,0
32,-84,59.13,0.2237,3.90,3.34,0
32,-80,55.12,0.2131,2.16,3.59,0
32,-76,54.84,0.2302,3.33,11.09,0
32,-72,52.34,0.2260,4.00,14.50,0
32,-68,48.15,0.2029,4.51,11.49,0
32,-64,56.31,0.2070,5.70,20.78,0
32,-60,51.48,0.2529,4.81,28.69,0
32,-56,53.63,0.2766,5.02,34.73,0
32,-52,52.16,0.2261,5.54,29.64,0
32,-48,49.49,0.1898,4.53,17.99,0
32,-44,56.01,0.2171,4.48,14.00,0
32,-40,56.95,0.2264,6.17,27.83,0
32,-36,59.47,0.2464,4.97,40.28,0
32,-32,53.84,0.2471,4.60,19.93,0
32,-28,52.74,0.2350,6.04,22.12,1
32,-24,53.99,0.2137,10.69,31.59,1
32,-20,47.26,0.2125,10.39,24.80,1
32,-16,44.97,0.1959,9.28,11.12,0
32,-12,45.99,0.1852,9.09,12.66,0
32,-8,46.07,0.1427,10.57,32.60,3
32,-4,43.99,0.1276,9.75,34.34,4
32,0,45.08,0.1679,8.90,19.54,1
32,4,44.42,0.1916,9.28,20.24,0
32,8,45.20,0.1865,10.70,27.60,0
32,12,44.93,0.2711,6.08,11.75,0
32,16,47.01,0.2468,5.09,11.46,0
32,20,56.32,0.2511,4.99,12.11,0
32,24,64.24,0.2147,7.92,26.92,1
32,28,79.82,0.2017,4.83,21.88,0
32,32,83.10,0.1892,5.19,20.55,0
32,36,71.34,0.1766,4.81,19.96,0
32,40,68.56,0.1708,3.53,8.12,0
32,44,66.91,0.1702,3.52,3.04,0
32,48,65.57,0.1773,2.84,3.05,0
32,52,69.05,0.1761,2.54,3.03,0
32,56,64.05,0.1726,2.50,3.06,0
32,60,67.34,0.1753,3.28,3.32,0
32,64,67.01,0.1771,3.27,3.07,0
32,68,65.63,0.1817,3.08,2.94,0
32,72,69.04,0.1836,3.08,4.81,0
32,76,65.62,0.1793,3.33,5.15,0
32,80,64.15,0.1659,3.67,3.27,0
32,84,70.00,0.1719,2.48,3.59,0
32,88,67.16,0.1832,2.98,3.15,0
32,92,66.80,0.1897,2.76,4.28,0
36,-96,67.36,0.1877,2.62,3.80,0
36,-92,66.49,0.1813,3.07,2.85,0
36,-88,62.56,0.1814,2.98,2.96,0
36,-84,59.76,0.2240,3.24,3.17,0
36,-80,57.68,0.2210,3.22,2.74,0
36,-76,54.19,0.2514,3.23,3.09,0
36,-72,48.45,0.2257,3.37,11.60,0
36,-68,48.55,0.2035,6.68,19.98,0
36,-64,54.44,0.2275,4.93,24.86,0
36,-60,50.99,0.2582,4.47,32.63,0
36,-56,52.76,0.2530,5.24,41.03,0
36,-52,55.17,0.1727,6.11,27.88,0
36,-48,47.93,0.1760,5.05,18.22,0
36,-44,55.35,0.2183,4.27,8.98,0
36,-40,54.16,0.2240,4.27,13.55,0
36,-36,53.69,0.2475,4.70,24.89,0
36,-32,48.72,0.2599,6.86,25.74,0
36,-28,42.91,0.2728,5.53,24.06,0
36,-24,40.84,0.2782,3.37,11.52,0
36,-20,39.58,0.2685,2.04,3.47,0
36,-16,41.09,0.2766,2.56,3.19,0
36,-12,42.52,0.2917,2.20,3.27,0
36,-8,45.52,0.2362,2.72,17.61,0
36,-4,44.29,0.2177,4.10,25.12,0
36,0,44.79,0.2416,2.37,3.11,0
36,4,43.37,0.2732,2.07,2.89,0
36,8,46.60,0.2459,3.12,2.87,0
36,12,46.03,0.2628,2.94,2.56,0
36,16,49.30,0.2496,3.52,2.94,0
36,20,55.83,0.2448,2.42,3.58,0
36,24,60.30,0.2296,5.64,12.71,0
36,28,71.77,0.1763,7.98,21.55,0
36,32,80.34,0.1890,6.24,22.32,0
36,36,74.92,0.1735,9.11,21.36,0
36,40,70.66,0.1697,2.67,2.64,0
36,44,70.34,0.1766,3.20,2.93,0
36,48,65.73,0.1687,3.96,3.00,0
36,52,65.61,0.1680,3.41,3.35,0
36,56,66.16,0.1757,3.89,3.15,0
36,60,66.42,0.1810,2.78,3.60,0
36,64,67.28,0.1827,2.84,3.23,0
36,68,65.52,0.1734,3.11,2.89,0
36,72,68.26,0.1928,2.55,3.04,0
36,76,65.43,0.1782,2.84,3.04,0
36,80,65.68,0.1724,3.38,3.30,0
36,84,70.54,0.1631,2.55,3.52,0
36,88,66.95,0.1705,3.44,3.15,0
36,92,66.53,0.1865,2.46,4.30,0
40,-96,66.05,0.1860,3.13,3.95,0
40,-92,68.28,0.1723,3.34,2.98,0
40,-88,65.93,0.1828,3.60,3.55,0
40,-84,61.45,0.2033,2.96,3.47,0
40,-80,57.77,0.2231,3.07,6.80,0
40,-76,57.35,0.2012,5.27,18.62,0
40,-72,54.14,0.1945,10.52,22.99,0
40,-68,60.55,0.1928,9.10,26.32,0
40,-64,55.53,0.2292,4.52,25.80,0
40,-60,51.73,0.2840,5.33,37.79,0
40,-56,57.58,0.2109,8.62,45.60,0
40,-52,51.99,0.1488,6.58,32.94,0
40,-48,54.19,0.2288,5.12,10.46,0
40,-44,60.18,0.1955,4.20,11.46,0
40,-40,61.06,0.2157,3.59,8.33,0
40,-36,58.45,0.2474,3.85,5.22,0
40,-32,52.58,0.2679,4.03,2.74,0
40,-28,44.80,0.2500,3.63,3.34,0
40,-24,41.99,0.2905,2.23,2.83,0
40,-20,43.66,0.2898,3.85,3.30,0
40,-16,43.45,0.2990,2.40,3.52,0
40,-12,44.03,0.2972,1.99,2.86,0
40,-8,48.18,0.2715,2.69,3.10,0
40,-4,49.71,0.2585,2.94,3.32,0
40,0,52.96,0.2593,4.07,3.42,0
40,4,52.68,0.2483,4.27,3.40,0
40,8,58.85,0.2262,3.77,3.30,0
40,12,53.23,0.2781,3.07,2.88,0
40,16,56.42,0.2543,3.13,2.98,0
40,20,63.57,0.2170,3.32,3.19,0
40,24,63.97,0.2094,3.28,3.29,0
40,28,64.87,0.1751,3.51,11.85,0
40,32,78.46,0.1739,7.11,22.82,0
40,36,83.84,0.1903,7.39,24.64,0
40,40,69.16,0.1783,4.37,14.99,0
40,44,64.56,0.1676,3.09,3.01,0
40,48,69.53,0.1806,2.39,3.12,0
40,52,67.89,0.1851,2.82,3.65,0
40,56,69.38,0.1782,3.07,3.27,0
40,60,68.51,0.1854,2.45,2.91,0
40,64,65.41,0.1808,2.09,3.41,0
40,68,68.91,0.1821,3.31,3.42,0
40,72,68.06,0.1807,3.04,5.47,0
40,76,64.46,0.1684,2.28,3.26,0
40,80,63.86,0.1665,2.35,3.50,0
40,84,67.04,0.1740,3.78,3.36,0
40,88,63.79,0.1697,2.15,3.50,0
40,92,64.68,0.1730,2.90,4.63,0
44,-96,65.03,0.1889,3.07,3.57,0
44,-92,67.25,0.1753,3.74,3.29,0
44,-88,62.67,0.2094,3.52,3.33,0
44,-84,60.36,0.2143,3.41,3.61,0
44,-80,59.98,0.2210,3.67,13.35,0
44,-76,67.93,0.2036,5.98,21.62,0
44,-72,67.03,0.2223,7.64,26.20,0
44,-68,60.18,0.2262,7.94,28.86,0
44,-64,54.94,0.2293,5.51,29.45,0
44,-60,53.46,0.2383,5.01,31.63,0
44,-56,58.78,0.2107,6.33,46.38,0
44,-52,56.78,0.2240,7.03,30.83,0
44,-48,64.26,0.1837,3.15,10.89,0
44,-44,66.59,0.1917,2.79,3.17,0
44,-40,63.76,0.1623,2.28,3.22,0
44,-36,61.82,0.1811,2.23,3.17,0
44,-32,61.94,0.2002,3.56,3.61,0
44,-28,57.61,0.2119,6.02,3.16,0
44,-24,52.57,0.2495,4.56,3.58,0
44,-20,55.01,0.2411,3.99,3.06,0
44,-16,55.41,0.2487,6.00,3.52,0
44,-12,52.30,0.2667,5.40,3.54,0
44,-8,57.12,0.2457,6.52,3.17,0
44,-4,57.18,0.2337,3.70,3.31,0
44,0,59.95,0.1995,3.09,3.51,0
44,4,60.18,0.2099,3.53,3.02,0
44,8,61.90,0.2232,3.26,3.21,0
44,12,60.51,0.2277,3.43,2.80,0
44,16,63.65,0.2012,3.64,3.36,0
44,20,65.69,0.1952,2.79,3.43,0
44,24,60.90,0.2216,2.37,3.23,0
44,28,66.27,0.2029,4.05,3.39,0
44,32,68.84,0.1759,5.41,15.40,0
44,36,70.34,0.1781,8.22,17.86,0
44,40,66.10,0.1765,3.15,5.66,0
44,44,67.07,0.1728,3.24,3.07,0
44,48,66.52,0.1750,3.19,3.31,0
44,52,64.26,0.1776,2.46,3.41,0
44,56,65.73,0.1821,3.39,2.96,0
44,60,67.54,0.1715,3.32,3.09,0
44,64,66.19,0.1818,2.98,3.41,0
44,68,67.83,0.1870,3.50,3.16,0
44,72,66.45,0.1772,3.49,9.99,0
44,76,65.06,0.1681,2.95,5.77,0
44,80,67.14,0.1818,3.60,3.30,0
44,84,68.14,0.1788,3.62,3.10,0
44,88,66.38,0.1749,3.30,3.18,0
44,92,66.52,0.1915,3.25,4.62,0
48,-96,67.16,0.1906,2.62,4.37,0
48,-92,66.56,0.1821,2.57,3.61,0
48,-88,65.56,0.1898,3.05,3.13,0
48,-84,61.81,0.2140,3.50,3.39,0
48,-80,60.76,0.2203,5.59,19.99,0
48,-76,74.21,0.2209,6.82,27.62,0
48,-72,64.42,0.2716,4.70,38.36,0
48,-68,55.99,0.2668,6.30,37.88,0
48,-64,56.81,0.1892,6.86,35.16,0
48,-60,56.44,0.1757,6.59,28.16,0
48,-56,58.28,0.2109,5.73,26.93,0
48,-52,60.14,0.2191,3.34,14.63,0
48,-48,66.62,0.1720,3.61,2.85,0
48,-44,65.69,0.1771,2.48,3.59,0
48,-40,67.69,0.1845,2.54,3.22,0
48,-36,67.78,0.1894,2.90,3.23,0
48,-32,68.23,0.1782,3.21,3.41,0
48,-28,70.99,0.1672,2.78,3.02,0
48,-24,63.32,0.1833,3.15,3.42,0
48,-20,66.73,0.1881,4.56,2.87,0
48,-16,67.09,0.1814,3.21,3.36,0
48,-12,63.53,0.1749,2.65,3.23,0
48,-8,68.31,0.1795,3.42,2.90,0
48,-4,66.27,0.1692,3.52,3.10,0
48,0,67.40,0.1775,3.22,3.18,0
48,4,66.82,0.1826,3.39,3.06,0
48,8,68.16,0.1958,2.53,3.01,0
48,12,65.90,0.1845,2.79,3.28,0
48,16,65.93,0.1810,2.89,3.38,0
48,20,68.57,0.1961,2.21,3.01,0
48,24,63.15,0.2036,3.28,2.76,0
48,28,66.85,0.1850,2.76,3.22,0
48,32,66.93,0.1863,2.96,4.63,0
48,36,67.70,0.2042,2.37,3.30,0
48,40,66.44,0.1891,2.49,3.35,0
48,44,65.89,0.1750,2.87,3.65,0
48,48,66.36,0.1741,3.28,3.63,0
48,52,65.68,0.1756,2.98,3.45,0
48,56,68.04,0.1756,3.71,2.86,0
48,60,67.30,0.1755,3.57,2.57,0
48,64,67.08,0.1754,2.98,3.33,0
48,68,66.44,0.1773,3.64,3.22,0
48,72,69.28,0.1730,4.01,3.39,0
48,76,67.39,0.1734,3.94,3.17,0
48,80,67.84,0.1785,2.91,3.21,0
48,84,64.98,0.1653,2.78,3.11,0
48,88,68.59,0.1837,2.96,3.40,0
48,92,66.10,0.1776,3.15,4.44,0
52,-96,65.49,0.1663,3.25,3.55,0
52,-92,65.08,0.1676,3.19,3.18,0
52,-88,66.69,0.1968,2.69,3.05,0
52,-84,63.27,0.1837,3.42,2.99,0
52,-80,61.80,0.2002,4.34,18.67,0
52,-76,73.85,0.2413,5.91,28.54,0
52,-72,63.09,0.2587,6.04,33.01,0
52,-68,65.21,0.2107,8.03,30.97,0
52,-64,51.22,0.2065,6.40,26.11,0
52,-60,52.14,0.2255,4.28,4.80,0
52,-56,57.85,0.2468,2.75,2.80,0
52,-52,63.05,0.2067,3.91,3.18,0
52,-48,67.54,0.1843,2.99,3.36,0
52,-44,67.17,0.1877,2.86,3.05,0
52,-40,68.26,0.1739,4.02,2.91,0
52,-36,69.17,0.1881,3.22,3.17,0
52,-32,67.47,0.1903,2.70,3.61,0
52,-28,67.69,0.1772,3.30,3.35,0
52,-24,64.09,0.1758,2.86,3.36,0
52,-20,68.94,0.1782,3.88,2.91,0
52,-16,69.61,0.1718,3.04,3.24,0
52,-12,67.21,0.1860,2.97,3.50,0
52,-8,66.32,0.1749,3.36,3.22,0
52,-4,68.20,0.1728,3.49,3.17,0
52,0,66.40,0.1793,2.81,3.26,0
52,4,67.02,0.1799,3.01,3.26,0
52,8,66.08,0.1787,3.17,3.33,0
52,12,67.27,0.1734,3.58,3.14,0
52,16,67.90,0.1875,2.64,3.13,0
52,20,71.23,0.1595,2.37,3.30,0
52,24,65.21,0.1692,3.45,3.23,0
52,28,63.64,0.1847,3.52,2.85,0
52,32,65.10,0.1783,3.42,2.95,0
52,36,67.66,0.2058,3.17,2.93,0
52,40,63.61,0.1623,2.13,3.15,0
52,44,66.93,0.1731,3.46,3.07,0
52,48,70.82,0.1662,2.01,2.94,0
52,52,66.36,0.1744,3.30,2.80,0
52,56,71.33,0.1695,2.86,2.99,0
52,60,68.24,0.1914,2.39,2.90,0
52,64,68.59,0.1809,2.76,3.29,0
52,68,70.00,0.1838,2.87,3.14,0
52,72,66.20,0.1835,2.98,3.04,0
52,76,69.24,0.1748,3.25,3.41,0
52,80,67.67,0.1900,2.41,3.30,0
52,84,65.13,0.1834,3.68,2.85,0
52,88,64.39,0.1668,3.14,3.02,0
52,92,66.64,0.1717,4.36,4.32,0
56,-96,65.03,0.1686,3.27,3.94,0
56,-92,65.46,0.1850,2.83,2.69,0
56,-88,66.71,0.1926,3.38,3.09,0
56,-84,67.02,0.1889,3.13,3.12,0
56,-80,68.39,0.1909,4.31,17.51,0
56,-76,82.85,0.2220,4.84,27.66,0
56,-72,68.64,0.2420,6.90,31.69,0
56,-68,57.08,0.2258,7.80,31.85,0
56,-64,52.79,0.2698,4.09,2.95,0
56,-60,57.56,0.2512,4.27,3.00,0
56,-56,60.10,0.2287,2.66,3.16,0
56,-52,66.69,0.1882,3.48,3.01,0
56,-48,70.59,0.1722,2.64,3.28,0
56,-44,67.02,0.1827,3.40,3.19,0
56,-40,65.35,0.1736,2.54,3.08,0
56,-36,64.21,0.1690,2.43,3.19,0
56,-32,64.25,0.1854,3.08,2.81,0
56,-28,68.84,0.1900,3.04,3.18,0
56,-24,67.68,0.1839,2.92,3.38,0
56,-20,69.19,0.1747,3.12,3.02,0
56,-16,66.22,0.1746,3.18,3.45,0
56,-12,65.24,0.1694,3.22,3.20,0
56,-8,65.27,0.1713,3.36,3.18,0
56,-4,63.60,0.1752,2.25,2.92,0
56,0,66.64,0.1693,4.43,3.29,0
56,4,71.57,0.1664,2.37,3.25,0
56,8,67.43,0.1685,4.51,3.25,0
56,12,68.39,0.1961,2.67,3.30,0
56,16,67.55,0.1829,2.79,3.05,0
56,20,68.54,0.1720,3.47,3.55,0
56,24,68.24,0.1745,3.14,3.19,0
56,28,66.50,0.1765,3.37,3.47,0
56,32,64.34,0.1819,3.12,3.54,0
56,36,67.54,0.1937,3.36,3.16,0
56,40,64.57,0.1785,2.69,3.52,0
56,44,65.60,0.1729,2.92,2.95,0
56,48,66.83,0.1820,3.28,2.86,0
56,52,63.95,0.1659,1.71,3.44,0
56,56,66.75,0.1789,3.46,3.57,0
56,60,66.25,0.1819,3.30,3.02,0
56,64,63.82,0.1601,1.91,3.12,0
56,68,66.69,0.1795,2.91,2.86,0
56,72,65.79,0.1782,3.25,3.46,0
56,76,66.39,0.1800,3.21,3.30,0
56,80,71.19,0.1786,3.14,3.60,0
56,84,68.47,0.1980,2.83,3.10,0
56,88,67.16,0.1785,3.45,3.19,0
56,92,65.56,0.1732,3.71,3.73,0
60,-96,64.22,0.1890,3.64,3.95,0
60,-92,68.44,0.1802,2.79,3.01,0
60,-88,68.41,0.1810,3.02,3.49,0
60,-84,65.65,0.1785,2.90,3.15,0
60,-80,64.58,0.1616,4.64,15.03,0
60,-76,82.09,0.2051,5.49,24.90,0
60,-72,80.49,0.2159,5.73,29.45,0
60,-68,62.04,0.2190,9.50,23.92,0
60,-64,60.99,0.2182,3.50,3.11,0
60,-60,68.09,0.1775,3.37,3.21,0
60,-56,65.25,0.1794,2.82,3.19,0
60,-52,66.25,0.1792,2.82,3.20,0
60,-48,66.65,0.1882,2.82,3.16,0
60,-44,64.40,0.1643,2.68,3.23,0
60,-40,67.70,0.1757,3.63,3.13,0
60,-36,66.84,0.1796,3.50,3.28,0
60,-32,64.09,0.1831,6.00,3.36,0
60,-28,66.82,0.1881,3.51,3.62,0
60,-24,68.63,0.1905,3.01,3.22,0
60,-20,67.55,0.1820,2.91,2.90,0
60,-16,65.29,0.1824,2.93,3.49,0
60,-12,64.96,0.1762,2.82,2.86,0
60,-8,71.33,0.1639,2.61,3.16,0
60,-4,66.96,0.1764,3.39,2.86,0
60,0,65.26,0.1720,3.36,3.27,0
60,4,68.40,0.1767,3.33,3.20,0
60,8,66.28,0.1823,2.82,3.11,0
60,12,65.76,0.1772,3.41,3.10,0
60,16,65.61,0.1880,3.54,2.87,0
60,20,63.74,0.1938,3.12,3.29,0
60,24,66.83,0.1796,3.65,3.48,0
60,28,66.37,0.1815,3.61,3.04,0
60,32,62.91,0.1785,2.46,3.24,0
60,36,67.20,0.1975,2.95,3.27,0
60,40,69.07,0.1840,3.48,3.48,0
60,44,67.62,0.1644,3.60,3.03,0
60,48,66.48,0.1791,2.88,3.14,0
60,52,68.29,0.1901,3.42,3.14,0
60,56,63.70,0.1788,2.83,2.77,0
60,60,64.03,0.1818,3.02,3.42,0
60,64,66.66,0.1826,3.80,3.04,0
60,68,66.67,0.1789,3.07,3.07,0
60,72,66.66,0.1893,2.48,3.13,0
60,76,68.71,0.1808,3.36,3.41,0
60,80,66.80,0.1823,3.21,3.32,0
60,84,70.55,0.1840,2.50,3.17,0
60,88,65.73,0.1708,3.68,3.34,0
60,92,66.26,0.1846,3.03,4.02,0
64,-96,65.85,0.1823,3.00,3.92,0
64,-92,67.56,0.1823,3.66,3.38,0
64,-88,67.13,0.1761,3.61,3.27,0
64,-84,66.96,0.1810,3.57,2.79,0
64,-80,66.38,0.1843,4.13,14.78,0
64,-76,81.50,0.1861,5.62,26.64,0
64,-72,80.21,0.1920,6.80,18.29,0
64,-68,64.51,0.2055,5.00,13.47,0
64,-64,65.80,0.1777,3.80,3.09,0
64,-60,70.45,0.1517,2.85,3.46,0
64,-56,67.61,0.1761,3.24,3.74,0
64,-52,69.01,0.1729,2.86,3.36,0
64,-48,66.87,0.1947,2.24,3.25,0
64,-44,69.34,0.1771,2.81,3.01,0
64,-40,67.52,0.1726,3.69,2.83,0
64,-36,67.08,0.1872,2.94,3.59,0
64,-32,66.92,0.1773,3.75,3.13,0
64,-28,68.85,0.1866,3.01,3.06,0
64,-24,67.78,0.1855,2.77,2.90,0
64,-20,64.73,0.1688,3.24,3.54,0
64,-16,65.72,0.1794,2.89,3.29,0
64,-12,68.38,0.1884,2.79,3.52,0
64,-8,66.61,0.1704,3.83,3.22,0
64,-4,67.01,0.1772,3.77,2.89,0
64,0,67.33,0.1755,3.54,3.50,0
64,4,63.93,0.1601,2.01,3.31,0
64,8,68.73,0.1848,2.76,2.96,0
64,12,67.06,0.1793,3.66,3.27,0
64,16,66.02,0.1786,3.76,3.42,0
64,20,67.73,0.1867,2.91,2.96,0
64,24,65.16,0.1721,3.15,3.33,0
64,28,64.99,0.1889,3.54,3.21,0
64,32,64.91,0.1965,3.02,3.42,0
64,36,65.95,0.1827,2.90,3.02,0
64,40,66.90,0.1811,3.07,2.80,0
64,44,67.72,0.1773,3.92,3.44,0
64,48,67.32,0.1777,3.05,3.44,0
64,52,69.71,0.1820,2.46,3.00,0
64,56,65.61,0.1975,3.63,3.33,0
64,60,66.30,0.1795,3.21,3.26,0
64,64,68.00,0.1783,2.91,3.02,0
64,68,66.50,0.1783,3.03,3.07,0
64,72,67.67,0.1856,3.04,3.03,0
64,76,67.71,0.1818,3.80,3.45,0
64,80,65.15,0.1707,2.74,3.22,0
64,84,70.74,0.1744,2.51,3.15,0
64,88,65.48,0.1801,2.38,3.38,0
64,92,66.54,0.1881,3.11,4.40,0
68,-96,68.30,0.1807,2.90,4.03,0
68,-92,70.73,0.1757,3.30,3.48,0
68,-88,66.62,0.1929,3.22,3.18,0
68,-84,64.30,0.1679,3.38,3.32,0
68,-80,66.55,0.1638,4.42,13.94,0
68,-76,82.44,0.1870,5.34,16.35,0
68,-72,74.38,0.1754,8.75,20.78,0
68,-68,70.53,0.1676,3.00,9.15,0
68,-64,68.69,0.1659,3.09,2.99,0
68,-60,66.42,0.1833,2.62,3.10,0
68,-56,67.89,0.1871,3.16,2.94,0
68,-52,65.98,0.1928,1.96,3.23,0
68,-48,66.90,0.1813,3.44,3.36,0
68,-44,70.64,0.1805,2.78,3.39,0
68,-40,70.16,0.1762,3.83,3.25,0
68,-36,69.32,0.1774,3.18,3.38,0
68,-32,65.95,0.1810,2.87,3.51,0
68,-28,64.12,0.1703,1.45,3.09,0
68,-24,66.40,0.1798,2.88,2.98,0
68,-20,67.70,0.1853,3.02,3.22,0
68,-16,66.71,0.1802,3.31,3.10,0
68,-12,67.70,0.1934,2.55,2.91,0
68,-8,65.24,0.1774,2.35,3.06,0
68,-4,65.82,0.1709,3.13,3.17,0
68,0,66.44,0.1725,3.19,3.41,0
68,4,65.49,0.1790,2.69,3.30,0
68,8,66.97,0.1769,3.17,3.54,0
68,12,64.91,0.1767,2.78,3.26,0
68,16,69.26,0.1683,3.19,2.89,0
68,20,66.86,0.1699,3.26,3.02,0
68,24,63.21,0.1662,2.64,2.95,0
68,28,63.75,0.1915,3.01,3.21,0
68,32,65.01,0.1911,3.24,3.26,0
68,36,66.91,0.1903,2.92,3.43,0
68,40,65.13,0.1806,2.60,3.72,0
68,44,70.80,0.1758,3.29,2.96,0
68,48,69.68,0.1685,3.57,3.29,0
68,52,68.81,0.1815,3.18,3.24,0
68,56,68.27,0.1783,3.37,3.35,0
68,60,68.56,0.1841,3.30,3.36,0
68,64,67.56,0.1809,2.82,3.10,0
68,68,64.01,0.1759,2.39,3.04,0
68,72,68.01,0.1940,2.55,2.96,0
68,76,69.69,0.1764,3.26,3.10,0
68,80,69.40,0.1665,3.27,3.23,0
68,84,66.80,0.1782,3.29,2.89,0
68,88,67.50,0.1797,3.65,3.16,0
68,92,64.91,0.1817,3.04,4.07,0
72,-96,64.43,0.1863,2.84,3.64,0
72,-92,65.37,0.1872,3.12,3.29,0
72,-88,67.67,0.1839,2.98,3.10,0
72,-84,69.23,0.1760,2.97,3.00,0
72,-80,68.83,0.1737,4.14,10.89,0
72,-76,77.25,0.1789,5.63,17.24,0
72,-72,72.29,0.1824,6.49,16.97,0
72,-68,66.68,0.1786,4.32,5.11,0
72,-64,66.72,0.1836,2.84,3.25,0
72,-60,67.11,0.1774,3.41,3.16,0
72,-56,69.52,0.1899,2.46,2.64,0
72,-52,65.82,0.1984,3.64,3.30,0
72,-48,63.86,0.1822,2.51,3.21,0
72,-44,66.81,0.1821,3.35,2.94,0
72,-40,66.64,0.1740,3.48,3.08,0
72,-36,69.26,0.1808,2.91,3.28,0
72,-32,69.47,0.1841,3.17,3.03,0
72,-28,68.12,0.1797,3.37,2.93,0
72,-24,66.01,0.1880,3.25,3.09,0
72,-20,62.93,0.1593,1.62,3.07,0
72,-16,65.49,0.1738,2.83,3.26,0
72,-12,65.60,0.1763,2.90,2.74,0
72,-8,64.44,0.1734,2.35,2.59,0
72,-4,68.23,0.1777,3.14,3.17,0
72,0,69.84,0.1775,3.21,3.29,0
72,4,66.99,0.1837,3.26,3.19,0
72,8,66.02,0.1779,3.12,3.45,0
72,12,68.28,0.1782,2.83,3.33,0
72,16,65.02,0.1726,2.73,3.36,0
72,20,66.11,0.1849,3.24,3.27,0
72,24,64.38,0.1910,3.01,2.83,0
72,28,65.43,0.1904,3.34,2.96,0
72,32,65.67,0.1798,3.09,2.95,0
72,36,69.92,0.1898,2.42,2.97,0
72,40,68.64,0.1700,3.75,2.99,0
72,44,67.29,0.1845,2.84,3.34,0
72,48,68.09,0.1942,2.93,3.32,0
72,52,64.36,0.1757,2.50,3.03,0
72,56,65.85,0.1730,3.71,3.35,0
72,60,67.56,0.1841,3.29,3.18,0
72,64,67.70,0.1822,3.37,2.73,0
72,68,63.79,0.1696,2.64,3.48,0
72,72,65.55,0.1744,2.55,2.87,0
72,76,65.02,0.1785,2.71,3.36,0
72,80,66.97,0.1745,3.34,3.05,0
72,84,65.15,0.1811,2.39,3.07,0
72,88,69.61,0.1846,2.94,2.81,0
72,92,65.13,0.1903,2.83,4.14,0
76,-96,65.91,0.1964,4.04,3.21,0
76,-92,65.78,0.1783,3.26,2.98,0
76,-88,66.28,0.1798,3.30,3.37,0
76,-84,66.73,0.1825,2.97,3.38,0
76,-80,66.98,0.1778,3.76,5.10,0
76,-76,65.54,0.1705,3.37,12.34,0
76,-72,70.18,0.1713,4.10,11.78,0
76,-68,64.72,0.1803,2.39,3.26,0
76,-64,64.99,0.1645,3.10,3.17,0
76,-60,66.77,0.1806,2.95,3.15,0
76,-56,66.03,0.1791,2.98,3.11,0
76,-52,64.29,0.1779,2.63,3.28,0
76,-48,66.44,0.1806,3.27,3.19,0
76,-44,65.95,0.1755,2.69,2.62,0
76,-40,69.51,0.1678,3.47,3.27,0
76,-36,65.74,0.1873,2.63,3.29,0
76,-32,66.68,0.1775,3.71,3.47,0
76,-28,67.63,0.1764,3.18,3.32,0
76,-24,64.07,0.1660,2.75,3.47,0
76,-20,67.56,0.1660,3.54,3.34,0
76,-16,67.96,0.1792,3.11,3.72,0
76,-12,68.63,0.1694,3.70,2.81,0
76,-8,68.39,0.1769,3.14,3.39,0
76,-4,68.45,0.1915,2.55,3.22,0
76,0,66.40,0.1787,3.51,3.18,0
76,4,65.03,0.1798,2.59,2.89,0
76,8,66.78,0.1797,3.50,3.41,0
76,12,67.95,0.1854,2.50,3.27,0
76,16,66.45,0.1833,3.01,3.12,0
76,20,68.87,0.2024,2.42,2.34,0
76,24,64.08,0.1791,2.97,3.03,0
76,28,65.47,0.1841,3.20,3.19,0
76,32,68.44,0.1879,3.26,3.68,0
76,36,64.80,0.1744,3.43,3.23,0
76,40,66.27,0.1732,3.30,3.12,0
76,44,66.44,0.1739,2.82,3.14,0
76,48,66.26,0.1921,3.28,3.48,0
76,52,62.94,0.1671,1.87,3.58,0
76,56,66.54,0.1777,3.17,3.31,0
76,60,66.94,0.1765,3.78,3.35,0
76,64,67.01,0.1801,4.40,3.55,0
76,68,64.64,0.1710,2.16,3.14,0
76,72,67.84,0.1829,2.70,3.32,0
76,76,67.86,0.1720,3.30,3.44,0
76,80,66.02,0.1880,2.17,3.41,0
76,84,67.07,0.1787,3.34,3.35,0
76,88,68.89,0.1766,3.45,3.30,0
76,92,66.71,0.1901,3.64,4.03,0
80,-96,67.06,0.1780,3.19,3.94,0
80,-92,66.70,0.1854,2.70,3.14,0
80,-88,67.71,0.1807,3.45,3.33,0
80,-84,66.00,0.1719,3.15,3.01,0
80,-80,65.67,0.1805,2.57,3.27,0
80,-76,68.47,0.1889,3.03,2.87,0
80,-72,65.96,0.1783,3.08,3.41,0
80,-68,68.12,0.1808,2.93,3.33,0
80,-64,64.59,0.1766,2.56,3.56,0
80,-60,68.66,0.1932,2.75,3.27,0
80,-56,65.69,0.1756,3.49,3.15,0
80,-52,66.81,0.1862,3.14,3.10,0
80,-48,66.18,0.1895,3.15,2.97,0
80,-44,68.13,0.1710,3.25,2.95,0
80,-40,66.75,0.1887,2.42,2.51,0
80,-36,67.96,0.1802,3.84,3.10,0
80,-32,68.74,0.1861,3.09,3.29,0
80,-28,66.44,0.1795,2.99,3.23,0
80,-24,65.50,0.1734,2.85,3.51,0
80,-20,67.08,0.1901,2.28,3.41,0
80,-16,68.34,0.1861,3.29,3.16,0
80,-12,68.83,0.1833,3.58,3.25,0
80,-8,68.21,0.1807,2.84,3.24,0
80,-4,66.89,0.1743,3.58,3.81,0
80,0,65.70,0.1744,2.97,2.97,0
80,4,68.71,0.1799,3.96,3.02,0
80,8,65.25,0.1885,2.97,3.06,0
80,12,67.04,0.1764,2.62,3.16,0
80,16,67.29,0.1762,3.45,3.04,0
80,20,68.42,0.1722,3.16,2.82,0
80,24,63.14,0.1883,2.87,2.63,0
80,28,65.35,0.1797,3.59,2.67,0
80,32,68.81,0.1838,3.50,3.08,0
80,36,64.50,0.1688,2.71,3.00,0
80,40,67.97,0.1885,3.06,2.99,0
80,44,68.98,0.1663,3.49,3.02,0
80,48,69.34,0.1755,3.53,3.17,0
80,52,64.72,0.1694,2.98,3.55,0
80,56,65.52,0.1814,2.78,2.94,0
80,60,69.17,0.1858,2.61,3.41,0
80,64,69.32,0.1783,3.61,3.30,0
80,68,67.24,0.1773,3.06,2.95,0
80,72,67.66,0.1870,2.79,3.00,0
80,76,66.76,0.1854,2.82,2.60,0
80,80,68.13,0.1831,2.76,3.43,0
80,84,68.98,0.1835,2.59,3.33,0
80,88,66.49,0.1773,3.15,3.15,0
80,92,66.64,0.1862,2.94,4.11,0
84,-96,63.21,0.1649,2.78,4.24,0
84,-92,65.71,0.1798,2.93,2.83,0
84,-88,68.74,0.1837,2.59,2.99,0
84,-84,68.15,0.1823,3.08,3.20,0
84,-80,67.87,0.1784,3.63,3.08,0
84,-76,70.63,0.1808,2.65,3.23,0
84,-72,66.86,0.1829,3.09,3.27,0
84,-68,69.26,0.1814,2.87,3.16,0
84,-64,65.09,0.1763,2.49,3.11,0
84,-60,67.49,0.1759,3.87,2.81,0
84,-56,66.17,0.1807,3.59,3.61,0
84,-52,69.09,0.1834,2.99,3.37,0
84,-48,69.60,0.1796,2.85,2.95,0
84,-44,67.45,0.1649,3.43,3.38,0
84,-40,66.58,0.1811,2.67,3.18,0
84,-36,67.24,0.1731,3.73,3.03,0
84,-32,69.25,0.1819,3.02,2.98,0
84,-28,65.57,0.1826,2.44,3.19,0
84,-24,64.18,0.1708,2.73,2.89,0
84,-20,66.80,0.1915,2.65,3.71,0
84,-16,66.64,0.1816,2.93,3.47,0
84,-12,65.36,0.1765,2.89,3.15,0
84,-8,67.76,0.1737,4.35,3.23,0
84,-4,67.95,0.1870,3.29,3.36,0
84,0,68.44,0.1826,2.64,3.02,0
84,4,66.91,0.1702,3.77,2.89,0
84,8,66.71,0.1770,3.43,3.56,0
84,12,68.76,0.1834,3.09,3.51,0
84,16,69.92,0.1697,3.04,2.97,0
84,20,68.11,0.1769,3.26,3.21,0
84,24,63.26,0.1841,2.86,3.19,0
84,28,64.38,0.1910,3.48,2.90,0
84,32,65.01,0.1685,2.86,3.70,0
84,36,66.23,0.1653,3.42,3.28,0
84,40,67.55,0.1768,3.28,3.00,0
84,44,66.86,0.1675,3.66,3.00,0
84,48,68.68,0.1747,3.59,3.11,0
84,52,65.75,0.1808,2.76,3.20,0
84,56,69.43,0.1936,2.70,3.13,0
84,60,69.73,0.1737,3.49,3.02,0
84,64,68.97,0.1844,3.61,3.43,0
84,68,69.46,0.1753,2.63,3.36,0
84,72,69.91,0.1724,2.69,3.17,0
84,76,68.31,0.1882,3.21,3.05,0
84,80,67.00,0.1776,3.25,3.63,0
84,84,65.49,0.1753,2.78,3.89,0
84,88,69.05,0.1774,3.12,3.28,0
84,92,65.28,0.1783,2.71,4.09,0
88,-96,65.68,0.1895,3.02,3.76,0
88,-92,64.98,0.1746,2.36,3.11,0
88,-88,65.07,0.1764,2.41,3.00,0
88,-84,66.77,0.1630,3.47,3.02,0
88,-80,66.24,0.1733,3.27,3.15,0
88,-76,68.17,0.1900,2.50,3.19,0
88,-72,67.83,0.1848,3.37,3.10,0
88,-68,66.82,0.1925,2.61,3.21,0
88,-64,70.59,0.1631,2.50,3.10,0
88,-60,68.92,0.1748,3.28,3.35,0
88,-56,67.03,0.1803,3.20,3.16,0
88,-52,65.20,0.1753,2.72,3.18,0
88,-48,68.34,0.1834,2.51,3.31,0
88,-44,67.67,0.1809,3.02,3.70,0
88,-40,67.49,0.1736,3.65,3.53,0
88,-36,69.71,0.1680,2.64,3.25,0
88,-32,67.11,0.1783,3.47,3.42,0
88,-28,68.94,0.1894,2.88,3.33,0
88,-24,65.27,0.1835,2.41,3.01,0
88,-20,67.05,0.1740,3.56,3.30,0
88,-16,66.36,0.1711,3.63,3.22,0
88,-12,68.63,0.1717,3.34,3.17,0
88,-8,67.50,0.1769,3.52,3.31,0
88,-4,67.89,0.1824,2.75,3.27,0
88,0,66.18,0.1775,2.48,3.52,0
88,4,64.98,0.1810,2.48,3.38,0
88,8,66.49,0.1770,3.25,3.28,0
88,12,65.36,0.1750,3.01,3.15,0
88,16,65.65,0.1853,3.10,2.89,0
88,20,69.84,0.1820,2.18,3.41,0
88,24,68.96,0.1834,3.12,3.45,0
88,28,68.08,0.1690,3.38,3.51,0
88,32,67.31,0.1777,2.82,3.33,0
88,36,64.41,0.1722,2.10,3.27,0
88,40,63.63,0.1586,2.05,3.53,0
88,44,69.98,0.1707,3.25,3.39,0
88,48,66.64,0.1683,3.54,3.00,0
88,52,66.25,0.1802,3.29,3.05,0
88,56,68.11,0.1905,3.23,3.34,0
88,60,66.43,0.1759,3.43,3.25,0
88,64,68.10,0.1714,3.72,3.58,0
88,68,67.38,0.1894,2.81,3.44,0
88,72,65.61,0.1783,2.98,3.54,0
88,76,66.15,0.1826,3.28,3.12,0
88,80,71.60,0.1652,2.78,2.96,0
88,84,68.06,0.1832,3.66,3.33,0
88,88,68.39,0.1779,4.06,3.36,0
88,92,68.24,0.1870,2.83,4.44,0
92,-96,65.57,0.1918,2.97,3.93,0
92,-92,67.30,0.1837,2.51,3.07,0
92,-88,65.64,0.1795,3.59,3.54,0
92,-84,65.43,0.1826,2.39,4.00,0
92,-80,66.85,0.1857,2.51,3.12,0
92,-76,66.56,0.1826,2.90,3.50,0
92,-72,67.59,0.1880,3.57,3.48,0
92,-68,65.05,0.1791,3.60,3.68,0
92,-64,66.70,0.1831,2.68,3.68,0
92,-60,67.75,0.1863,2.54,3.68,0
92,-56,68.62,0.1829,3.36,3.79,0
92,-52,64.69,0.1836,2.77,3.77,0
92,-48,66.19,0.1764,4.09,3.61,0
92,-44,68.77,0.1898,2.57,3.72,0
92,-40,64.67,0.1743,3.09,3.69,0
92,-36,66.36,0.1937,2.77,3.32,0
92,-32,65.09,0.1936,2.95,3.41,0
92,-28,68.59,0.1998,2.96,3.04,0
92,-24,64.94,0.1752,2.76,4.06,0
92,-20,65.66,0.1831,2.58,3.73,0
92,-16,65.55,0.1707,2.79,4.13,0
92,-12,69.51,0.1666,4.12,3.60,0
92,-8,63.39,0.1683,2.20,3.28,0
92,-4,69.76,0.1721,2.67,3.13,0
92,0,68.94,0.1845,2.91,3.36,0
92,4,64.67,0.1838,3.23,3.75,0
92,8,64.54,0.1790,2.66,3.39,0
92,12,65.65,0.1827,2.80,3.49,0
92,16,64.03,0.2037,3.50,3.72,0
92,20,67.39,0.1907,3.08,3.93,0
92,24,67.75,0.1831,3.79,3.38,0
92,28,68.01,0.1871,3.16,3.39,0
92,32,68.16,0.1847,2.93,3.75,0
92,36,68.15,0.1988,2.60,3.76,0
92,40,64.54,0.1845,3.13,3.51,0
92,44,65.84,0.1840,2.98,4.50,0
92,48,66.20,0.1937,3.16,3.83,0
92,52,66.21,0.1869,2.58,3.69,0
92,56,65.16,0.1818,2.64,2.99,0
92,60,67.99,0.1804,3.10,3.23,0
92,64,68.09,0.1767,3.85,3.21,0
92,68,64.42,0.1735,2.52,3.85,0
92,72,66.64,0.1932,4.11,3.37,0
92,76,64.89,0.1900,3.51,3.41,0
92,80,67.46,0.1795,3.23,3.30,0
92,84,66.68,0.1887,2.47,3.26,0
92,88,66.35,0.1911,3.02,3.62,0
92,92,64.71,0.1953,3.35,4.37,0
